station_id,name,physical_configuration,lat,lon,altitude,address,post_code,capacity,is_charging_station,rental_methods,groups,obcn,short_name,nearby_distance,_ride_code_support,cross_street
2,002 - Retiro I,SMARTLITMAPFRAME,-34.59242413,-58.37470988999999,0.0,AV. Dr. José María Ramos Mejía 1300,11111,40,False,"['KEY', 'TRANSITCARD', 'PHONE']",['RETIRO'],,,1000.0,True,
3,003 - ADUANA,SMARTLITMAPFRAME,-34.61220714255728,-58.369129063788996,,Av. Paseo Colón 380,C1063,28,False,"['KEY', 'TRANSITCARD', 'PHONE']",['MONSERRAT'],,,1000.0,True,.
4,004 - Plaza Roma,SMARTLITMAPFRAME,-34.6030082348981,-58.36885646243477,0.0,Av. Corrientes 100,11111,20,False,"['KEY', 'TRANSITCARD', 'PHONE']",['SAN NICOLAS'],,,1000.0,True,
5,005 - Plaza Italia,SMARTLITMAPFRAME,-34.5805497,-58.4209542,0.0,Av. Sarmiento 2601,1111,42,False,"['KEY', 'TRANSITCARD', 'PHONE']",['PALERMO'],,,1000.0,True,
6,006 - Parque Lezama,SMARTLITMAPFRAME,-34.628526,-58.369758,0.0,"Avenida Martin Garcia, 295",1111,20,False,"['KEY', 'TRANSITCARD', 'PHONE']",['SAN TELMO'],,,1000.0,True,
7,007 - OBELISCO,SMARTLITMAPFRAME,-34.606498,-58.381098,,CARLOS PELEGRINI 215,11111,24,False,"['KEY', 'TRANSITCARD', 'PHONE']",['SAN NICOLAS'],,,1000.0,True,CARLOS PELEGRINI 215
8,008 - Congreso,SMARTLITMAPFRAME,-34.6094218,-58.3893364,0.0,"Cevallos, Virrey& Yrigoyen, Hipolito Av.",11111,24,False,"['KEY', 'TRANSITCARD', 'PHONE']",['SAN NICOLAS'],,,1000.0,True,
9,009 - Parque Las Heras,SMARTLITMAPFRAME,-34.585443,-58.407740999999994,0.0,"2300 Diaz, Cnel. Av. & French",11111,24,False,"['KEY', 'TRANSITCARD', 'PHONE']",['PALERMO'],,,1000.0,True,
12,012 - Plaza Vicente Lopez,SMARTLITMAPFRAME,-34.5927096,-58.388807,0.0,Parana & Juncal,11111,16,False,"['KEY', 'TRANSITCARD', 'PHONE']",['RECOLETA'],,,1000.0,True,
13,013 - ONCE,SMARTLITMAPFRAME,-34.61009,-58.406,,Av. Pueyrredon & Av. Rivadavia,1111,30,False,"['KEY', 'TRANSITCARD', 'PHONE']",['BALVANERA'],,,1000.0,True,Av. Pueyrredon & Av. Rivadavia
14,014 - Pacifico,SMARTLITMAPFRAME,-34.577424,-58.426387,0.0,"Santa Fe Av. & Bullrich, Int. Av.",11111,30,False,"['KEY', 'TRANSITCARD', 'PHONE']",['PALERMO'],,,1000.0,True,
17,017 - Plaza Almagro,SMARTLITMAPFRAME,-34.6064101,-58.4187306,0.0,"441 Bulnes & Peron, Juan Domingo, Tte. General",11111,20,False,"['KEY', 'TRANSITCARD', 'PHONE']",['ALMAGRO'],,,1000.0,True,
21,021 - Parque Patricios,SMARTLITMAPFRAME,-34.640111,-58.406432,0.0,Iguazu & Uspallata,1111,24,False,"['KEY', 'TRANSITCARD', 'PHONE']",['PARQUE PATRICIOS'],,,1000.0,True,
22,022 - Arenales,SMARTLITMAPFRAME,-34.5938629,-58.3825498,,Cerrito & Arenales,11111,20,False,"['KEY', 'TRANSITCARD', 'PHONE']",['RETIRO'],,,1000.0,True,Cerrito & Arenales
24,024 - ALSINA,SMARTLITMAPFRAME,-34.610583,-58.38089430000001,,Adolfo Alsina& Bernardo De Irigoyen,11111,18,False,"['KEY', 'TRANSITCARD', 'PHONE']",['MONSERRAT'],,,1609.34,True,Adolfo Alsina& Bernardo De Irigoyen
25,025 - Plaza Guemes,SMARTLITMAPFRAME,-34.5894269,-58.416117799999995,0.0,"Salguero, Jeronimo & Mansilla, Lucio Norberto, General",11111,30,False,"['KEY', 'TRANSITCARD', 'PHONE']",['PALERMO'],,,1000.0,True,
26,026 - JUANA MANSO I,SMARTLITMAPFRAME,-34.600752,-58.3638723,0.0,"Manso Juana & De La Barra, Emma",11111,30,False,"['KEY', 'TRANSITCARD', 'PHONE']",['PUERTO MADERO'],,,1609.34,True,
27,027 - Montevideo,SMARTLITMAPFRAME,-34.599068,-58.3900887,0.0,Cordoba Av. & Montevideo,1111,20,False,"['KEY', 'TRANSITCARD', 'PHONE']",['SAN NICOLAS'],,,1000.0,True,
29,029 - Parque Centenario,SMARTLITMAPFRAME,-34.6079414,-58.4335573,0.0,Av. Patricias Argentinas & Estivao,11111,29,False,"['KEY', 'TRANSITCARD', 'PHONE']",['CABALLITO'],,,1000.0,True,
32,032 - Catedral,SMARTLITMAPFRAME,-34.60674458045258,-58.37365550287733,0.0,Bartolomé Mitre & San Martín,11111,18,False,"['KEY', 'TRANSITCARD', 'PHONE']",['SAN NICOLAS'],,,1000.0,True,
33,033 - Facultad de Medicina,SMARTLITMAPFRAME,-34.5970909,-58.398980699999996,0.0,Pres. José Evaristo Uriburu 987,11111,20,False,"['KEY', 'TRANSITCARD', 'PHONE']",['RECOLETA'],,,1000.0,True,"Uriburu Jose E., Pres. & Alvear, Marcelo T. De"
35,035 - INGENIERO BUTTY,SMARTLITMAPFRAME,-34.5964246,-58.371847,,Ing. E. Butty 291,11111,32,False,"['KEY', 'TRANSITCARD', 'PHONE']",['RETIRO'],,,1000.0,True,Ing. E. Butty 291 &  Av Leandro N.  Alem
36,036 - MAIPÚ,SMARTLITMAPFRAME,-34.6010599,-58.374534600000004,,Tucumán 536,C1049,12,False,"['KEY', 'TRANSITCARD', 'PHONE']",['SAN NICOLAS'],,,1000.0,True,Tucumán 536
38,038 - Plaza Libertad,SMARTLITMAPFRAME,-34.5970497,-58.382840300000005,0.0,Cerrito 990 y Av. Marcelo T. De Alvear,11111,20,False,"['KEY', 'TRANSITCARD', 'PHONE']",['RETIRO'],,,1609.34,True,
41,041 - PARQUE PATRICIOS II,SMARTLITMAPFRAME,-34.6371232,-58.40588830000001,,Av Caseros 3015,1111,18,False,"['KEY', 'TRANSITCARD', 'PHONE']",['PARQUE PATRICIOS'],,,1000.0,True,"Urquiza, Gral. & Rondeau"
43,334 - CENTRO DE EXPOSICIONES,SMARTLITMAPFRAME,-34.584018,-58.38992100000001,,2133 Figueroa Alcorta,1111,28,False,"['KEY', 'TRANSITCARD', 'PHONE']",['RECOLETA'],,,1000.0,True,
44,044 - Ecoparque,SMARTLITMAPFRAME,-34.5755148,-58.4138829,0.0,"Av. Del Libertador, 3260",111,20,False,"['KEY', 'TRANSITCARD', 'PHONE']",['PALERMO'],,,1000.0,True,
45,045 - Uruguay,SMARTLITMAPFRAME,-34.6018635,-58.38669339999999,0.0,561 Uruguay & Av. Tucuman,111,20,False,"['KEY', 'TRANSITCARD', 'PHONE']",['SAN NICOLAS'],,,1000.0,True,
46,046 - Chile,SMARTLITMAPFRAME,-34.6163729,-58.37436969999998,0.0,Perú 718,C1068,18,False,"['KEY', 'TRANSITCARD', 'PHONE']",['SAN TELMO'],,,1000.0,True,
48,034 - Colonia Express,SMARTLITMAPFRAME,-34.6236397,-58.3632448,,Elvira Rawson de Dellepiane 150,C1107,16,False,"['KEY', 'TRANSITCARD', 'PHONE']",['PUERTO MADERO'],,,1000.0,True,paseo del bajo
49,049 - 33 Orientales,SMARTLITMAPFRAME,-34.629176084274704,-58.42481977731553,0.0,Constitución 4288,C1254,16,False,"['KEY', 'TRANSITCARD', 'PHONE']",['BOEDO'],,,1000.0,True,
50,050 - Hospital Rivadavia,SMARTLITMAPFRAME,-34.5837348,-58.4010798,,2516 Pereyra Lucena,11111,20,False,"['KEY', 'TRANSITCARD', 'PHONE']",['PALERMO'],,,1000.0,True,Pereyra Lucena & Av. General Las Heras
54,054 - Acuña de Figueroa,SMARTLITMAPFRAME,-34.5982097,-58.422069400000005,0.0,Lavalle 4015,C1190,20,False,"['KEY', 'TRANSITCARD', 'PHONE']",['ALMAGRO'],,,1000.0,True,Acuña de Figueroa y Lavalle
56,056 - Plaza Palermo Viejo,SMARTLITMAPFRAME,-34.588567,-58.42599899999999,0.0,Costa Rica & Armenia,11111,20,False,"['KEY', 'TRANSITCARD', 'PHONE']",['PALERMO'],,,1000.0,True,
57,057 - BELGRANO,SMARTLITMAPFRAME,-34.61324972988651,-58.370645128905494,,Balcarce 482,C1064,12,False,"['KEY', 'TRANSITCARD', 'PHONE']",['MONSERRAT'],,,1000.0,True,.
58,058 - Ministro Carranza,SMARTLITMAPFRAME,-34.5752773,-58.434688300000005,0.0,Santa Fe Av. & Dorrego,11111,20,False,"['KEY', 'TRANSITCARD', 'PHONE']",['PALERMO'],,,1000.0,True,
59,018 - Independencia,SMARTLITMAPFRAME,-34.617654,-58.380565,,Idependencia y Bernardo de Irigoyen,11111,20,False,"['KEY', 'TRANSITCARD', 'PHONE']",['MONSERRAT'],,,1609.34,True,
60,060 - 25 De Mayo,SMARTLITMAPFRAME,-34.6016509,-58.37107900000001,,527 25 De Mayo,11111,20,False,"['KEY', 'TRANSITCARD', 'PHONE']",['SAN NICOLAS'],,,1000.0,True,25 De Mayo & Lavalle
61,098 - BENITO JUAREZ,SMARTLITMAPFRAME,-34.6189273,-58.50517690000001,0.0, Benito Juarez 2231,C1417,12,False,"['KEY', 'TRANSITCARD', 'PHONE']",['MONTE CASTRO'],,,1000.0,True,
63,063 - Reconquista,SMARTLITMAPFRAME,-34.59977772506695,-58.37468663054962,0.0,Viamonte 555,C1053,28,False,"['KEY', 'TRANSITCARD', 'PHONE']",['SAN NICOLAS'],,,1000.0,True,
64,064 - RIOBAMBA,SMARTLITMAPFRAME,-34.5936508,-58.3941087,,Riobamba 1264 & Juncal,11111,20,False,"['KEY', 'TRANSITCARD', 'PHONE']",['RECOLETA'],,,1000.0,True,Riobamba 1264 & Juncal
65,065 - Julián Álvarez,SMARTLITMAPFRAME,-34.5873124,-58.4157873,,3822 Guemes,11111,20,False,"['KEY', 'TRANSITCARD', 'PHONE']",['PALERMO'],,,1000.0,True,Guemes & Julian Alvarez
66,066 - Billinghurst,SMARTLITMAPFRAME,-34.5945475,-58.4138713,,3508 Carcova,11111,20,False,"['KEY', 'TRANSITCARD', 'PHONE']",['RECOLETA'],,,1000.0,True,De La Carcova & Soler
68,105 - PARQUE SAAVEDRA,SMARTLITMAPFRAME,-34.552148,-58.480464,,García del Río 3590,11111,16,False,"['KEY', 'TRANSITCARD', 'PHONE']",['SAAVEDRA'],-,-,1000.0,True,García del Río 3590
69,069 - Ecuador,SMARTLITMAPFRAME,-34.5961006,-58.4046092,0.0,"1226 Ecuador & Mansilla, Lucio Norberto, General",111,16,False,"['KEY', 'TRANSITCARD', 'PHONE']",['RECOLETA'],,,1000.0,True,
70,070 - ARAOZ,SMARTLITMAPFRAME,-34.5926862,-58.426059699999996,,1413 Araoz & Gorriti CABA,1111,24,False,"['KEY', 'TRANSITCARD', 'PHONE']",['PALERMO'],,,1000.0,True,
71,071 - CERRITO,SMARTLITMAPFRAME,-34.6026673,-58.383355900000005,,Libertad & lavalle,11111,30,False,"['KEY', 'TRANSITCARD', 'PHONE']",['SAN NICOLAS'],,,1000.0,True,Av Pres. Roque Saenz Peña 1194
73,073 - Ruy Díaz de Guzmán,SMARTLITMAPFRAME,-34.6306814,-58.3718235,0.0,Avenida Martin Garcia y Ruy Díaz de Guzmán,1111111,20,False,"['KEY', 'TRANSITCARD', 'PHONE']",['BOCA'],,,1000.0,True,
74,074 - INSTITUTO LELOIR,SMARTLITMAPFRAME,-34.60439,-58.43454,,Juana De Ibarbourou & Av Patricias Argentinas,1111,30,False,"['KEY', 'TRANSITCARD', 'PHONE']",['CABALLITO'],,,1000.0,True,
75,075 - Plaza Primero de Mayo,SMARTLITMAPFRAME,-34.6122976,-58.3989871,0.0,238 Pichincha,11111,20,False,"['KEY', 'TRANSITCARD', 'PHONE']",['BALVANERA'],,,1000.0,True,
76,076 - Ayacucho,SMARTLITMAPFRAME,-34.6074084,-58.39505479999999,0.0,"Ayacucho &Peron, Juan Domingo, Tte. General",11111,20,False,"['KEY', 'TRANSITCARD', 'PHONE']",['BALVANERA'],,,1000.0,True,
77,109 - ESTACION PUEYRREDON,SMARTLITMAPFRAME,-34.581135,-58.501487,,Bolivia 5071,1111,16,False,"['KEY', 'TRANSITCARD', 'PHONE']",['VILLA PUYRREDON'],,,1000.0,True,Bolivia 5071
79,079 - AZUCENA VILLAFLOR,SMARTLITMAPFRAME,-34.61189,-58.36393000000001,,"Villaflor, Azucena & Dealessi, Pierina",C1107CID,30,False,"['KEY', 'TRANSITCARD', 'PHONE']",['PUERTO MADERO'],,,1609.34,True,"Villaflor, Azucena & Dealessi, Pierina"
80,080 - VALLE,SMARTLITMAPFRAME,-34.6245807,-58.43412319999999,,Valle 486,C1424,12,False,"['KEY', 'TRANSITCARD', 'PHONE']",['CABALLITO'],,,1000.0,True,
82,082 - HOSPITAL ITALIANO,SMARTLITMAPFRAME,-34.6078917,-58.426394699999996,,394 Rawson & Potosi,11111,20,False,"['KEY', 'TRANSITCARD', 'PHONE']",['ALMAGRO'],,,1000.0,True,
83,083 - Paraná,SMARTLITMAPFRAME,-34.603269,-58.3893728,,1590 Lavalle,11111,28,False,"['KEY', 'TRANSITCARD', 'PHONE']",['SAN NICOLAS'],,,1000.0,True,Lavalle & Montevideo
85,085 - AGUERO,SMARTLITMAPFRAME,-34.5948057,-58.409178399999995,,"Aguero & Mansilla, Lucio Norberto, General",11111,20,False,"['KEY', 'TRANSITCARD', 'PHONE']",['RECOLETA'],,,1000.0,True,"Aguero & Mansilla, Lucio Norberto, General"
86,086 - SAAVEDRA,SMARTLITMAPFRAME,-34.6212681,-58.401680799999994,,1019 Saavedra,11111,20,False,"['KEY', 'TRANSITCARD', 'PHONE']",['SAN CRISTOBAL'],,,1000.0,True,"1019 Saavedra & Calvo, Carlos"
87,087 - Guayaquil,SMARTLITMAPFRAME,-34.619845,-58.431494199999996,0.0,Guayaquil & Doblas,1111,16,False,"['KEY', 'TRANSITCARD', 'PHONE']",['CABALLITO'],,,1000.0,True,
89,089 - Cabello,SMARTLITMAPFRAME,-34.5825475,-58.4056671,,3082 Cabello,1111,20,False,"['KEY', 'TRANSITCARD', 'PHONE']",['PALERMO'],,,1000.0,True,
91,091 - Pasco,SMARTLITMAPFRAME,-34.6174482,-58.397602,0.0,708 Pasco & Chile,1111,24,False,"['KEY', 'TRANSITCARD', 'PHONE']",['BALVANERA'],,,1000.0,True,
92,092 - Salcedo,SMARTLITMAPFRAME,-34.6316444,-58.4053386,0.0,2908 Salcedo & Dean Funes,111,20,False,"['KEY', 'TRANSITCARD', 'PHONE']",['PARQUE PATRICIOS'],,,1000.0,True,
93,093 - CARLOS CALVO,SMARTLITMAPFRAME,-34.620798,-58.3944635,,Sarandi 1010,1111,20,False,"['KEY', 'TRANSITCARD', 'PHONE']",['SAN CRISTOBAL'],,,1000.0,True,"1010 Sarandi & Calvo, Carlos"
94,094 - GÚZMAN,SMARTLITMAPFRAME,-34.591511,-58.44965199999999,,Av Guzman 129 & Leiva,1111,29,False,"['KEY', 'TRANSITCARD', 'PHONE']",['ZONA 1'],,,1000.0,True,
96,096 - Carlos Gardel,SMARTLITMAPFRAME,-34.6027814,-58.4116586,0.0,3302 Guardia Vieja & Aguero,11111,16,False,"['KEY', 'TRANSITCARD', 'PHONE']",['BALVANERA'],,,1000.0,True,
98,037- Claudia Pía Baudracco,SMARTLITMAPFRAME,-34.6081643,-58.3779002,0.0,Esmeralda y Rivadavia,11111,16,False,"['KEY', 'TRANSITCARD', 'PHONE']",['MONSERRAT'],,,1609.34,True,
99,099 - Malabia,SMARTLITMAPFRAME,-34.5960961,-58.43540800000001,0.0,780 Malabia & Loyola,11111,20,False,"['KEY', 'TRANSITCARD', 'PHONE']",['VILLA CRESPO'],,,1000.0,True,
101,101 - Fitz Roy,SMARTLITMAPFRAME,-34.5891857,-58.442439699999994,0.0,Fitz Roy  1092 & Loyola,11111,20,False,"['KEY', 'TRANSITCARD', 'PHONE']",['ZONA 1'],,,1000.0,True,
102,102 - ROSETI,SMARTLITMAPFRAME,-34.5851209,-58.4492989,,ROSETI 390,C1427,20,False,"['KEY', 'TRANSITCARD', 'PHONE']",['ZONA 1'],,,1000.0,True,
104,104 - Federico Lacroze,SMARTLITMAPFRAME,-34.587617,-58.45521200000001,0.0,Av. Guzman 1100 & Av. Corrientes,111111,30,False,"['KEY', 'TRANSITCARD', 'PHONE']",['ZONA 1'],,,1000.0,True,
107,107 - HOSPITAL GARRAHAN,SMARTLITMAPFRAME,-34.63037718,-58.39584399999999,,Brasil 2290,1260,16,False,"['KEY', 'TRANSITCARD', 'PHONE']",['PARQUE PATRICIOS'],,,1000.0,True,Brasil & Pichincha
111,111 - MACACHA GUEMES,SMARTLITMAPFRAME,-34.6054877,-58.3646858,,Macacha Guemes 350,1111,30,False,"['KEY', 'TRANSITCARD', 'PHONE']",['PUERTO MADERO'],,,1609.34,True,Macacha Guemes 350 &Pierina Dealessi
112,112 - 9 de Julio,SMARTLITMAPFRAME,-34.612075,-58.38038400000001,,Bernardo Irigoyen 320,11111,20,False,"['KEY', 'TRANSITCARD', 'PHONE']",['MONSERRAT'],,,1609.34,True,Bernardo Irigoyen 320 & Moreno
114,114 - TORRE MACRO,SMARTLITMAPFRAME,-34.59398891976011,-58.37142444536896,, Av. Eduardo Madero 1180,11111,12,False,"['KEY', 'TRANSITCARD', 'PHONE']",['RETIRO'],,,1609.34,True, Av. Eduardo Madero 1180
116,116 - HOSPITAL ALEMÁN,SMARTLITMAPFRAME,-34.5921708,-58.4025894,,Beruti & Ecuador,1111,12,False,"['KEY', 'TRANSITCARD', 'PHONE']",['RECOLETA'],,,1000.0,True,Beruti & Ecuador
117,117 - HUMBERTO 1°,SMARTLITMAPFRAME,-34.61955283137281,-58.37315930476108,,Av. Carlos Calvo 513,11111,20,False,"['KEY', 'TRANSITCARD', 'PHONE']",['SAN TELMO'],,,1000.0,True,Peru  1016& Carlos Calvo
118,118 - MEXICO,SMARTLITMAPFRAME,-34.6170196,-58.4026531,,Saavedra & Mexico,11111,20,False,"['KEY', 'TRANSITCARD', 'PHONE']",['BALVANERA'],,,1000.0,True,Saavedra & Mexico
120,120 - HOSPITAL RAMOS MEJIA,SMARTLITMAPFRAME,-34.617509,-58.409287600000006,,3084 Agrelo,1111,19,False,"['KEY', 'TRANSITCARD', 'PHONE']",['BALVANERA'],,,1000.0,True,3084 Agrelo & Urquiza
121,121 - YATAY,SMARTLITMAPFRAME,-34.6011732,-58.4285093,,925 Yatay& Humahuaca,1111,20,False,"['KEY', 'TRANSITCARD', 'PHONE']",['ALMAGRO'],,,1000.0,True,925 Yatay& Humahuaca
122,122 - COSTA RICA,SMARTLITMAPFRAME,-34.5915614,-58.41981629999999,,COSTA RICA 4060,C1176,24,False,"['KEY', 'TRANSITCARD', 'PHONE']",['PALERMO'],,,1000.0,True,COSTA RICA 4060
124,124 - UGARTECHE,SMARTLITMAPFRAME,-34.580538,-58.41196500000001,,3050 Ugarteche,C3123,20,False,"['KEY', 'TRANSITCARD', 'PHONE']",['PALERMO'],,,1000.0,True,3050 Ugarteche & Cabello
126,126 - Ministerio de Justicia y Seguridad,SMARTLITMAPFRAME,-34.63922546953217,-58.36958898591382,,Olavarría 1201,C1267,16,False,"['KEY', 'TRANSITCARD', 'PHONE']",['BOCA'],,,1000.0,True,
128,128 - PARQUE DEL BAJO,SMARTLITMAPFRAME,-34.60515159,-58.36882117,,Tte. Gral. Juan Domingo Perón 133,1111,28,False,"['KEY', 'TRANSITCARD', 'PHONE']",['SAN NICOLAS'],,,1000.0,True,"Madero, Eduardo Av. & Peron, Juan Domingo, Tte. General"
130,130 - RETIRO II,SMARTLITMAPFRAME,-34.5917376,-58.37436403,,Av. Dr. José María Ramos Mejía 1350,1111,40,False,"['KEY', 'TRANSITCARD', 'PHONE']",['RETIRO'],130,130,1609.34,True,"Ramos Mejia, Av Dr Jose Maria Vargas& Av. Del Libertador"
131,131- HOSPITAL DE CLÍNICAS,SMARTLITMAPFRAME,-34.5984043,-58.39901580000001,,"Uriburu Jose E., Pres. & Paraguay",1111,16,False,"['KEY', 'TRANSITCARD', 'PHONE']",['RECOLETA'],,,1000.0,True,"Uriburu Jose E., Pres. & Paraguay"
132,132 - CORRIENTES,SMARTLITMAPFRAME,-34.6033685,-58.372763,,Reconquista & Corrientes Av.,1111,12,False,"['KEY', 'TRANSITCARD', 'PHONE']",['SAN NICOLAS'],,,1000.0,True,Reconquista & Corrientes Av.
134,134 - SOLDADO DE LA FRONTERA,SMARTLITMAPFRAME,-34.683188,-58.468952,,Ana Díaz 5899,C1439,12,False,"['KEY', 'TRANSITCARD', 'PHONE']",['VILLA LUGANO'],,,1000.0,True,.
135,135 - MARCELO T. DE ALVEAR,SMARTLITMAPFRAME,-34.5976425,-58.378363,,Esmeralda & Paraguay,C1057,20,False,"['KEY', 'TRANSITCARD', 'PHONE']",['SAN NICOLAS'],,,1000.0,True,Esmeralda & Paraguay 
137,137 - AZOPARDO Y CHILE,SMARTLITMAPFRAME,-34.6155977,-58.3674923,,AZOPARDO 700,1111,24,False,"['KEY', 'TRANSITCARD', 'PHONE']",['MONSERRAT'],,,1609.34,True,AZOPARDO 700 & AV CHILE
138,138 - Hospital Britanico,SMARTLITMAPFRAME,-34.6353595,-58.3876724,,153 Perdriel,1111,12,False,"['KEY', 'TRANSITCARD', 'PHONE']",['BARRACAS'],,,1000.0,True,
144,144 - PUEYRREDÓN,SMARTLITMAPFRAME,-34.6018744,-58.4060944,,684 Boulogne Sur Mer & Tucuman,1111,20,False,"['KEY', 'TRANSITCARD', 'PHONE']",['BALVANERA'],,,1000.0,True,684 Boulogne Sur Mer & Tucuman
146,146 - Hospital Francés,SMARTLITMAPFRAME,-34.6221118,-58.40784190000001,,"3024 Calvo, Carlos",1111,20,False,"['KEY', 'TRANSITCARD', 'PHONE']",['SAN CRISTOBAL'],,,1000.0,True,"3024 Calvo, Carlos & La Rioja"
148,323 - Parque Avellaneda II,SMARTLITMAPFRAME,-34.6451767192088,-58.484555279762255,,Av. Directorio 4295 ,1111,16,False,"['KEY', 'TRANSITCARD', 'PHONE']",['PARQUE AVELLANEDA'],,,1000.0,True,
149,149 - LIMA,SMARTLITMAPFRAME,-34.6153266,-58.38136419999999,,México & Lima,11111,16,False,"['KEY', 'TRANSITCARD', 'PHONE']",['MONSERRAT'],,,1609.34,True,México & Lima
150,150 - RODRIGO BUENO,SMARTLITMAPFRAME,-34.6187547,-58.3554654,,Av. España 2200,1111,36,False,"['KEY', 'TRANSITCARD', 'PHONE']",['PUERTO MADERO'],,,1609.34,True,Av. España y Rodrigo Bueno
152,152 - JULIETA LANTERI,SMARTLITMAPFRAME,-34.6181645,-58.3596311,,"Vera Peñaloza, Rosario 599 & Lanteri Julieta",11111,28,False,"['KEY', 'TRANSITCARD', 'PHONE']",['PUERTO MADERO'],,,1609.34,True,"Vera Peñaloza, Rosario & Lanteri Julieta"
153,153 - JUAN MANUEL DE BLANES,SMARTLITMAPFRAME,-34.6310284,-58.36288800000001,,Av. Almirante Brown 653,C1155,20,False,"['KEY', 'TRANSITCARD', 'PHONE']",['BOCA'],,,1000.0,True,
155,155 - Parque José Evaristo Uriburu,SMARTLITMAPFRAME,-34.645082199430064,-58.41749173359584,, Quilmes 491,C1437,12,False,"['KEY', 'TRANSITCARD', 'PHONE']",['NUEVA POMPEYA'],,,1000.0,True,.
156,156 - Plaza Alemania,SMARTLITMAPFRAME,-34.5775895,-58.407469600000006,,2939 Cavia,11111,20,False,"['KEY', 'TRANSITCARD', 'PHONE']",['PALERMO'],,,1000.0,True,Cavia &  Av. Del Libertador
158,158 - VILLARROEL,SMARTLITMAPFRAME,-34.592735,-58.4450697,,1321 Villarroel & Humboldt CABA,1111,20,False,"['KEY', 'TRANSITCARD', 'PHONE']",['ZONA 1'],,,1000.0,True,
161,161 - Humahuaca,SMARTLITMAPFRAME,-34.6020779,-58.4196761,,3912 Humahuaca,11111,20,False,"['KEY', 'TRANSITCARD', 'PHONE']",['ALMAGRO'],,,1000.0,True,Humahuaca &  Jeronimo Salguero
162,162 - LARREA Y BARTOLOMÉ MITRE,SMARTLITMAPFRAME,-34.608985,-58.401924,,80 Larrea,C1030,20,False,"['KEY', 'TRANSITCARD', 'PHONE']",['BALVANERA'],,,1000.0,True,"80 Larrea & Mitre, Bartolome"
163,163 - ONCE II,SMARTLITMAPFRAME,-34.6095663,-58.4064308,,Bartolome Mitre & Av. Puyrredon,11111,29,False,"['KEY', 'TRANSITCARD', 'PHONE']",['BALVANERA'],,,1000.0,True,
164,164 - FACULTAD DE INGENIERIA,SMARTLITMAPFRAME,-34.617301,-58.3698984,,AV. PASEO COLÓN 811,1111,20,False,"['KEY', 'TRANSITCARD', 'PHONE']",['SAN TELMO'],,,1000.0,True,Estados Unidos 21 &Av. Ing. Huergo
165,165 - PLAZA MONSEÑOR MIGUEL DE ANDREA,SMARTLITMAPFRAME,-34.597048,-58.407614,,Dr Tomas Manuel De  Anchorena &  Jose A. Cabrera,C1170,12,False,"['KEY', 'TRANSITCARD', 'PHONE']",['RECOLETA'],,,1000.0,True,Dr Tomas Manuel De  Anchorena &  Jose A. Cabrera
166,166 - Cementerio de Recoleta,SMARTLITMAPFRAME,-34.588346663239754,-58.39414794286564,,Vicente López 2100,1111,12,False,"['KEY', 'TRANSITCARD', 'PHONE']",['RECOLETA'],,,1000.0,True,Vicente Lopez & Junin
167,275 - PLAZA 24 DE SEPTIEMBRE,SMARTLITMAPFRAME,-34.606984,-58.44854,,1355 San Martin Av.,1111,24,False,"['KEY', 'TRANSITCARD', 'PHONE']",['VILLA CRESPO'],,,1000.0,True,
168,168 - Estados Unidos,SMARTLITMAPFRAME,-34.6186217,-58.381227100000004,,Estados Unidos & Lima,11111,19,False,"['KEY', 'TRANSITCARD', 'PHONE']",['CONSTITUCION'],,,1609.34,True,Estados Unidos & Lima
169,169 - FACULTAD DE PSICOLOGIA,SMARTLITMAPFRAME,-34.613071183327094,-58.41497103862304,,Av. Hipólito Yrigoyen 3417,C1206,20,False,"['KEY', 'TRANSITCARD', 'PHONE']",['ALMAGRO'],,,1000.0,True,-
171,171 - Pasteur,SMARTLITMAPFRAME,-34.6032813,-58.3997553,,519 Pasteur,11111,20,False,"['KEY', 'TRANSITCARD', 'PHONE']",['BALVANERA'],,,1000.0,True,Pasteur & Lavalle
172,172 - BRASIL,SMARTLITMAPFRAME,-34.625426,-58.371082,,BRASIL&DEFENSA,C1143,16,False,"['KEY', 'TRANSITCARD', 'PHONE']",['SAN TELMO'],,,1000.0,True,BRASIL&DEFENSA
174,174 - MINISTERIO DE EDUCACION,SMARTLITMAPFRAME,-34.597225,-58.39176799999999,,Marcelo T. de Alvear & Rodriguez Peña,C1021,20,False,"['KEY', 'TRANSITCARD', 'PHONE']",['RECOLETA'],,,1000.0,True,Marcelo T. de Alvear & Rodriguez Peña
175,147 - Constitución,SMARTLITMAPFRAME,-34.626851,-58.380706999999994,0.0,Avenida Juan de Garay 1050,111,54,False,"['KEY', 'TRANSITCARD', 'PHONE']",['CONSTITUCION'],147,147,984916.08,True,
176,067 - PARQUE SARMIENTO I,SMARTLITMAPFRAME,-34.555254,-58.494845000000005,,Av. Dr. Ricardo Balbín 4402,1111,16,False,"['KEY', 'TRANSITCARD', 'PHONE']",['SAAVEDRA'],,,1000.0,True,
177,177 -PLANETARIO,SMARTLITMAPFRAME,-34.568165,-58.412121,,Av Casares y Av Belisario Roldan,11111,12,False,"['KEY', 'TRANSITCARD', 'PHONE']",['PALERMO'],,,1000.0,True,
179,179 - CASA SAN,SMARTLITMAPFRAME,-34.6384786,-58.3642885,,Olavarría 811,1111,16,False,"['KEY', 'TRANSITCARD', 'PHONE']",['BOCA'],,,1000.0,True,Olavarría 811
181,181 - BILLINGHURST Y MANSILLA,SMARTLITMAPFRAME,-34.5926649,-58.412007200000005,,"1520 Billinghurst & Mansilla, Lucio Norberto, General",11111,20,False,"['KEY', 'TRANSITCARD', 'PHONE']",['RECOLETA'],,,1000.0,True,"1520 Billinghurst & Mansilla, Lucio Norberto, General"
182,182 - RAVIGNANI Y GUATEMALA,SMARTLITMAPFRAME,-34.5780479,-58.435246600000006,,"2185 Ravignani, Emilio, Dr. & Guatemala",1111,20,False,"['KEY', 'TRANSITCARD', 'PHONE']",['PALERMO'],,,1000.0,True,
183,183 - VIRREY CEVALLOS,SMARTLITMAPFRAME,-34.6156994,-58.3899728,,Mexico 1652,11111,28,False,"['KEY', 'TRANSITCARD', 'PHONE']",['MONSERRAT'],,,1609.34,True,Mexico 1652
184,184 - Pedro Echague,SMARTLITMAPFRAME,-34.6306129,-58.3913419,0.0,Pedro Echague 1878 & Combate De Los Pozos,11111,20,False,"['KEY', 'TRANSITCARD', 'PHONE']",['PARQUE PATRICIOS'],,,1000.0,True,
186,186 - MANZANA 66,SMARTLITMAPFRAME,-34.6136356,-58.4064415,,2875 Moreno,11111,20,False,"['KEY', 'TRANSITCARD', 'PHONE']",['BALVANERA'],,,1000.0,True,2875 Moreno & Catamarca
187,261 - QUINTEROS LIDORO,SMARTLITMAPFRAME,-34.552571,-58.45089699999999,,"1483 Quinteros, Lidoro J. Av.",1111,16,False,"['KEY', 'TRANSITCARD', 'PHONE']",['BELGRANO'],,,1000.0,True,
188,373 - Jorgelina De Simone,SMARTLITMAPFRAME,-34.62393,-58.39124999999999,,Cochabamba 1799,1111,24,False,"['KEY', 'TRANSITCARD', 'PHONE']",['CONSTITUCION'],,,984916.08,True,
189,189 - POSADAS,SMARTLITMAPFRAME,-34.5886889,-58.3852113,,1350 Posadas,11111,20,False,"['KEY', 'TRANSITCARD', 'PHONE']",['RETIRO'],,,1609.34,True,Posadas & Montevideo
190,190 - JUNCAL,SMARTLITMAPFRAME,-34.5850763,-58.4111136,,"Juncal & Salguero, Jeronimo",11111,20,False,"['KEY', 'TRANSITCARD', 'PHONE']",['PALERMO'],,,1000.0,True,"Juncal & Salguero, Jeronimo"
191,191 - Rivadavia y 9 de Julio,SMARTLITMAPFRAME,-34.6079305,-58.3808358,,Pellegrini Y Rivadavia Av.,11111,16,False,"['KEY', 'TRANSITCARD', 'PHONE']",['SAN NICOLAS'],,,1000.0,True,
193,193 - ARENALES Y AGUERO,SMARTLITMAPFRAME,-34.5908626,-58.4061652,,Arenales y Aguero,1111,20,False,"['KEY', 'TRANSITCARD', 'PHONE']",['RECOLETA'],,,1000.0,True,2882 Arenales & Aguero
194,194 - PERÓN Y ACUÑA DE FIGUEROA,SMARTLITMAPFRAME,-34.6060758,-58.42246349999999,,3997 TTE. GENERAL JUAN DOMINGO PERON,1111,16,False,"['KEY', 'TRANSITCARD', 'PHONE']",['ALMAGRO'],,,1000.0,True,3997 TTE. GENERAL JUAN DOMINGO PERON
196,196 - HOSPITAL ARGERICH,SMARTLITMAPFRAME,-34.6277671,-58.36602490000001,,750 Pi y Margall,11111,20,False,"['KEY', 'TRANSITCARD', 'PHONE']",['BOCA'],,,1000.0,True,750 Pi Y Margall & Necochea
197,197 - PLAZA CIUDAD DE UDINE,SMARTLITMAPFRAME,-34.620998,-58.493044,0.0,Mercedes 1480,111111,20,False,"['KEY', 'TRANSITCARD', 'PHONE']",['FLORESTA'],,,1000.0,True,
199,199 - ESTADOS UNIDOS Y BOEDO,SMARTLITMAPFRAME,-34.6222601,-58.41601370000001,,3568 Estados Unidos & Boedo Av.,11111,20,False,"['KEY', 'TRANSITCARD', 'PHONE']",['BOEDO'],,,20000.0,True,3568 Estados Unidos & Boedo Av.
200,200 - AUSTRIA Y FRENCH,SMARTLITMAPFRAME,-34.5882997,-58.40426080000001,,Austria 2075,C1425,16,False,"['KEY', 'TRANSITCARD', 'PHONE']",['RECOLETA'],,,500.0,True,Austria & Juncal
202,001 - FACULTAD DE DERECHO,SMARTLITMAPFRAME,-34.583749,-58.390602,,Av. Pres. Figueroa Alcorta 2120,11111,30,False,"['KEY', 'TRANSITCARD', 'PHONE']",['RECOLETA'],,,1000.0,True,
203,108 - Usina del Arte,SMARTLITMAPFRAME,-34.628757,-58.35625900000001,,"Caffarena, Agustin R. & Don Pedro De Mendoza Av.",11111,24,False,"['KEY', 'TRANSITCARD', 'PHONE']",['BOCA'],,,1000.0,True,
204,167 - Hipólito Yrigoyen,SMARTLITMAPFRAME,-34.614948,-58.42781800000001,,"4300 Yrigoyen, Hipolito Av.",11111,24,False,"['KEY', 'TRANSITCARD', 'PHONE']",['ALMAGRO'],,,10000.0,True,
206,159 - Fitz Roy & Gorriti,SMARTLITMAPFRAME,-34.58495,-58.437338999999994,,Fitz Roy & Gorriti,11111,16,False,"['KEY', 'TRANSITCARD', 'PHONE']",['PALERMO'],,,1000.0,True,
207,123 - BASUALDO Y RODO,SMARTLITMAPFRAME,-34.65237685302847,-58.48735935690687,,Guardia Nacional 1700,11111,16,False,"['KEY', 'TRANSITCARD', 'PHONE']",['MATADEROS'],,,1000.0,True,
208,145 - RAVIGNANI,SMARTLITMAPFRAME,-34.5807161,-58.43840400000001,,EMILIO RAVIGNANI 1802,C1414,20,False,"['KEY', 'TRANSITCARD', 'PHONE']",['PALERMO'],,,1000.0,True,EMILIO RAVIGNANI 1802
210,335 - General Urquiza,SMARTLITMAPFRAME,-34.572165,-58.411278,,Figueroa Alcorta & Sarmiento,11111,20,False,"['KEY', 'TRANSITCARD', 'PHONE']",['PALERMO'],,,1000.0,True,
212,129 - Velasco,SMARTLITMAPFRAME,-34.600275,-58.434875,,J.Ramirez de Velasco 285,C1414,20,False,"['KEY', 'TRANSITCARD', 'PHONE']",['VILLA CRESPO'],,,1000.0,True,
213,136 - Acevedo,SMARTLITMAPFRAME,-34.599659,-58.442685000000004,,Acevedo y Padilla,11111,20,False,"['KEY', 'TRANSITCARD', 'PHONE']",['VILLA CRESPO'],,,1000.0,True,
215,113 - Guatemala,SMARTLITMAPFRAME,-34.585878,-58.42499599999999,,Guatemala 4773,11111,20,False,"['KEY', 'TRANSITCARD', 'PHONE']",['PALERMO'],,,1000.0,True,
216,059 - Coronel Diaz,SMARTLITMAPFRAME,-34.589968,-58.411493,,Guemes 3330 & Coronel Diaz,11111,20,False,"['KEY', 'TRANSITCARD', 'PHONE']",['PALERMO'],,,1000.0,True,
219,140 - Las Casas,SMARTLITMAPFRAME,-34.6360274,-58.4156332,,Metan 3661,11111,23,False,"['KEY', 'TRANSITCARD', 'PHONE']",['BOEDO'],,,1000.0,True,
220,097 - Avelino Diaz,SMARTLITMAPFRAME,-34.635128,-58.42757300000001,,Avelino Diaz&Doblas,11111,15,False,"['KEY', 'TRANSITCARD', 'PHONE']",['PARQUE CHACABUCO'],,,1000.0,True,
222,160 - Godoy Cruz y Libertador,SMARTLITMAPFRAME,-34.5759189160704,-58.41854288458634,,Av. Cerviño 4301,11111,20,False,"['KEY', 'TRANSITCARD', 'PHONE']",['PALERMO'],,,1000.0,True,
223,178 - José Marmol,SMARTLITMAPFRAME,-34.6234,-58.424853,,803 José Marmol,11111,16,False,"['KEY', 'TRANSITCARD', 'PHONE']",['BOEDO'],,,1000.0,True,803 Jose Marmol & Estados Unidos
227,188 - Aranguren,SMARTLITMAPFRAME,-34.61036075,-58.43276297,,Dr. Juan Felipe Aranguren 131,11111,20,False,"['KEY', 'TRANSITCARD', 'PHONE']",['CABALLITO'],,,1000.0,True,
228,010 - Madero UCA,SMARTLITMAPFRAME,-34.6164879,-58.3656683,,"1600 Moreau De Justo, Alicia Av.",C1107,15,False,"['KEY', 'TRANSITCARD', 'PHONE']",['PUERTO MADERO'],,,1000.0,True,"1600 Moreau De Justo, Alicia Av."
229,243 - PLAZOLETA CELEDONIO FLORES,SMARTLITMAPFRAME,-34.581576,-58.451530000000005,,Cordoba 6599,11111,12,False,"['KEY', 'TRANSITCARD', 'PHONE']",['ZONA 1'],243,243,1000.0,True,Cordoba 6599
230,259 - PLAZA CASTELLI,SMARTLITMAPFRAME,-34.5678255,-58.4645037,,Echeverria 3249,11111,16,False,"['KEY', 'TRANSITCARD', 'PHONE']",['BELGRANO'],,,1000.0,True,Echeverria 3249
231,384 - PLAZA BENITO NAZAR,SMARTLITMAPFRAME,-34.60511787,-58.445999589,,VALENTIN VIRASORO 1349,11111,16,False,"['KEY', 'TRANSITCARD', 'PHONE']",['VILLA CRESPO'],,,1000.0,True,
232,252 - Tamborini,SMARTLITMAPFRAME,-34.5599779,-58.4790578,,Tamborini 3821,11111,20,False,"['KEY', 'TRANSITCARD', 'PHONE']",['COGHLAN'],,,1000.0,True,
234,344 - UNIVERSIDAD DI TELLA,SMARTLITMAPFRAME,-34.5480059,-58.446943900000015,,Figueroa Alcorta 7350,C1428,20,False,"['KEY', 'TRANSITCARD', 'PHONE']",['BELGRANO'],,,1000.0,True,Figueroa Alcorta 7350
235,281 - Villa Urquiza,SMARTLITMAPFRAME,-34.573734,-58.486924089999995,,Av. Triunvirato 4800,1111,24,False,"['KEY', 'TRANSITCARD', 'PHONE']",['VILLA URQUIZA'],,,1000.0,True,
236,254 - Plaza Rafael Hernandez,SMARTLITMAPFRAME,-34.562161,-58.455166000000006,,Vuelta de Obligado 2004,11111,16,False,"['KEY', 'TRANSITCARD', 'PHONE']",['BELGRANO'],,,1000.0,True,
237,302 - ESTACION VILLA LURO,SMARTLITMAPFRAME,-34.63670935917866,-58.501355258102926,,Virgilio 90,1111,16,False,"['KEY', 'TRANSITCARD', 'PHONE']",['VILLA LURO'],,,1609.34,True,
239,391 - Plaza República de Ecuador,SMARTLITMAPFRAME,-34.56533652,-58.42062076,,Av. Pres. Figueroa Alcorta 5201,11111,20,False,"['KEY', 'TRANSITCARD', 'PHONE']",['PALERMO'],,,1000.0,True,
241,348 - Villa del Parque,SMARTLITMAPFRAME,-34.600874,-58.494123,,"Gutierrez, Ricardo 3105",11111,12,False,"['KEY', 'TRANSITCARD', 'PHONE']",['VILLA DEL PARQUE'],,,1000.0,True,
242,103 - MALBA,SMARTLITMAPFRAME,-34.57694914795284,-58.40398420287857,,Av. Pres. Figueroa Alcorta 3451,11111,32,False,"['KEY', 'TRANSITCARD', 'PHONE']",['PALERMO'],,,1000.0,True,
245,248 - Husares,SMARTLITMAPFRAME,-34.552594,-58.4429397,,Husares 2201,11111,16,False,"['KEY', 'TRANSITCARD', 'PHONE']",['BELGRANO'],,,1000.0,True,
247,282 - Tronador,SMARTLITMAPFRAME,-34.5838957,-58.466494,,Triunvirato Av. & Tronador,11111,18,False,"['KEY', 'TRANSITCARD', 'PHONE']",['VILLA ORTUZAR'],,,1000.0,True,
248,346 - Plaza Zapiola,SMARTLITMAPFRAME,-34.573522,-58.474635,,2001 Donado,11111,24,False,"['KEY', 'TRANSITCARD', 'PHONE']",['VILLA URQUIZA'],,,1000.0,True,
251,388 - Plaza Jose C Paz,SMARTLITMAPFRAME,-34.641728,-58.402483,,Dr. Prof. Pedro Chutro 2881,1111,12,False,"['KEY', 'TRANSITCARD', 'PHONE']",['PARQUE PATRICIOS'],,,1000.0,True,
252,331 - CALIFORNIA,SMARTLITMAPFRAME,-34.647121,-58.374336,,California 1774 y General Hornos,1111,21,False,"['KEY', 'TRANSITCARD', 'PHONE']",['BARRACAS'],,,1000.0,True,California y General Hornos
253,383 - BOEDO Y VENEZUELA,SMARTLITMAPFRAME,-34.6163544,-58.4170737,,BOEDO 339,C1210,16,False,"['KEY', 'TRANSITCARD', 'PHONE']",['ALMAGRO'],,,1000.0,True,BOEDO 339
254,276 - PRIMERA JUNTA,SMARTLITMAPFRAME,-34.62079441851816,-58.4413509067459,,Av. Rivadavia 5408 ,C1424,16,False,"['KEY', 'TRANSITCARD', 'PHONE']",['CABALLITO'],,,1000.0,True,
255,374 - Puan,SMARTLITMAPFRAME,-34.622092,-58.448547000000005,,Yerbal 1290,1111,20,False,"['KEY', 'TRANSITCARD', 'PHONE']",['CABALLITO'],,,1000.0,True,
257,264 - Plaza Marcos Sastre,SMARTLITMAPFRAME,-34.570825,-58.48123600000001,,Miller & Monroe,11111,24,False,"['KEY', 'TRANSITCARD', 'PHONE']",['VILLA URQUIZA'],,,1000.0,True,
258,336 - La Pampa,SMARTLITMAPFRAME,-34.565521,-58.45533400000001,,La Pampa 2512 & Ciudad de la Paz,11111,16,False,"['KEY', 'TRANSITCARD', 'PHONE']",['BELGRANO'],,,1000.0,True,
259,290 - Club Excursionistas,SMARTLITMAPFRAME,-34.5591522,-58.4441762,,Migueletes 1782 (y La Pampa),C1426,16,False,"['KEY', 'TRANSITCARD', 'PHONE']",['BELGRANO'],,,1000.0,True,Migueletes 1782 (y La Pampa)
260,371 - Paseo de las Americas,SMARTLITMAPFRAME,-34.5530794109,-58.43522348866,,Av. Pres Figueroa Alcorta 6400,11111,12,False,"['KEY', 'TRANSITCARD', 'PHONE']",['BELGRANO'],,,1000.0,True,
261,272 - Plaza Bruno Giordano,SMARTLITMAPFRAME,-34.616151,-58.440584,,Bruno Giordano&Neuquen,11111,16,False,"['KEY', 'TRANSITCARD', 'PHONE']",['CABALLITO'],,,1000.0,True,
262,349 - Plaza Saenz Peña,SMARTLITMAPFRAME,-34.6097088334705,-58.46729693359809,,Andrés Lamas 1699,11111,16,False,"['KEY', 'TRANSITCARD', 'PHONE']",['VILLA GENERAL MITRE'],,,1000.0,True,Andrés Lamas & Remedios de Escalada de San Martín
263,270 - PLAZA DEL ANGEL GRIS,SMARTLITMAPFRAME,-34.622003,-58.457555,,Calcena & Avellaneda Av.,1111,20,False,"['KEY', 'TRANSITCARD', 'PHONE']",['FLORES'],,,1000.0,True,
264,283 - BALBIN II,SMARTLITMAPFRAME,-34.5559308,-58.4812325,,Av. Dr. Ricardo Balbín y Crisólogo Larralde,1111,16,False,"['KEY', 'TRANSITCARD', 'PHONE']",['SAAVEDRA'],,,1000.0,True,
265,361 - Plaza Don Segundo Sombra,SMARTLITMAPFRAME,-34.64196,-58.4505,,2347 Santander,1111,28,False,"['KEY', 'TRANSITCARD', 'PHONE']",['FLORES'],,,1000.0,True,
267,315 - BEIRO Y SAN MARTÍN,SMARTLITMAPFRAME,-34.5976121,-58.4985424,,3209 Av. Francisco Beiro,1111,16,False,"['KEY', 'TRANSITCARD', 'PHONE']",['VILLA DEVOTO'],,,1000.0,True,3209 Av. Francisco Beiro
268,399 - GARCIA DEL RIO,SMARTLITMAPFRAME,-34.5503,-58.477000000000004,,Av. García del Río 3182,1111,36,False,"['KEY', 'TRANSITCARD', 'PHONE']",['SAAVEDRA'],,,1000.0,True,
269,260 - SAN MIGUEL DE GARICOITS,SMARTLITMAPFRAME,-34.577329,-58.45779900000001,,"Delgado & Loreto, Virrey",1111,18,False,"['KEY', 'TRANSITCARD', 'PHONE']",['COLEGIALES'],,,1000.0,True,
270,370 - Beauchef,SMARTLITMAPFRAME,-34.640114,-58.43026,,1995 Beauchef,1111,28,False,"['KEY', 'TRANSITCARD', 'PHONE']",['PARQUE CHACABUCO'],,,1000.0,True,
271,365 - Venancio Flores,SMARTLITMAPFRAME,-34.629967,-58.473725,,Venancio Flores 3170,11111,20,False,"['KEY', 'TRANSITCARD', 'PHONE']",['FLORES'],,,1000.0,True,
273,223 - GAINZA,SMARTLITMAPFRAME,-34.616758,-58.446751,,"494 Gainza, Martin De, Gral.",1111,16,False,"['KEY', 'TRANSITCARD', 'PHONE']",['CABALLITO'],,,1000.0,True,
275,256 - PLAZA NORUEGA,SMARTLITMAPFRAME,-34.562277,-58.459289,,Amenabar y Mendoza,1111,20,False,"['KEY', 'TRANSITCARD', 'PHONE']",['BELGRANO'],,,1000.0,True,
277,292 - PLAZA BOLIVIA,SMARTLITMAPFRAME,-34.563539,-58.436115,,Olleros Av. & Del Libertador Av.,1111,17,False,"['KEY', 'TRANSITCARD', 'PHONE']",['PALERMO'],,,1000.0,True,
278,233 - MONROE,SMARTLITMAPFRAME,-34.564122,-58.46981300000001,,2519 Superi,1111,16,False,"['KEY', 'TRANSITCARD', 'PHONE']",['COGHLAN'],,,1000.0,True,
280,222 - SIMON BOLIVAR,SMARTLITMAPFRAME,-34.633528,-58.44937899999999,,"1701 Fernandez Moreno, Baldomero",1111,28,False,"['KEY', 'TRANSITCARD', 'PHONE']",['PARQUE CHACABUCO'],,,1000.0,True,
281,350 - Plaza Irlanda,SMARTLITMAPFRAME,-34.613778,-58.458315,,Av. Gaona 2200,1111,24,False,"['KEY', 'TRANSITCARD', 'PHONE']",['CABALLITO'],,,1000.0,True,
284,229 - RIGLOS,SMARTLITMAPFRAME,-34.631018,-58.435056,,1019 Riglos,1111,20,False,"['KEY', 'TRANSITCARD', 'PHONE']",['PARQUE CHACABUCO'],,,1000.0,True,
289,255 - BARRANCAS DE BELGRANO,SMARTLITMAPFRAME,-34.559801,-58.44831400000001,,"Sucre, Antonio Jose De, Mcal. Y Vertiz Virrey Av.",1111,24,False,"['KEY', 'TRANSITCARD', 'PHONE']",['BELGRANO'],,,1000.0,True,
291,244 - UADE,SMARTLITMAPFRAME,-34.617247,-58.381626999999995,,Lima 750,1111,16,False,"['KEY', 'TRANSITCARD', 'PHONE']",['MONSERRAT'],,,1609.34,True,
299,221 - CULPINA,SMARTLITMAPFRAME,-34.631705,-58.466142999999995,,Culpina 121,11111,19,False,"['KEY', 'TRANSITCARD', 'PHONE']",['FLORES'],,,1000.0,True,
301,309 - UTN II,SMARTLITMAPFRAME,-34.66036165776025,-58.467638689384906,,Saraza y Mozart,1407,20,False,"['KEY', 'TRANSITCARD', 'PHONE']",['VILLA SOLDATI'],,,1000.0,True,
302,340 - PLAZA NUEVA POMPEYA,SMARTLITMAPFRAME,-34.6518464,-58.41577099999999,,3817 Traful,1111,16,False,"['KEY', 'TRANSITCARD', 'PHONE']",['NUEVA POMPEYA'],,,144840.6,True,
304,395 - Agronomia II,SMARTLITMAPFRAME,-34.5893,-58.48480000000001,,Av. Francisco Beiró 2120,1111,20,False,"['KEY', 'TRANSITCARD', 'PHONE']",['AGRONOMIA'],,,1000.0,True,
307,341 - COMUNA 4,SMARTLITMAPFRAME,-34.6499971,-58.42477299999999,,AV PERITO MORENO 2881,C1437,12,False,"['KEY', 'TRANSITCARD', 'PHONE']",['NUEVA POMPEYA'],,,1000.0,True,.
308,251 - Solar de la Abadía,SMARTLITMAPFRAME,-34.567633,-58.436752000000006,,Maure 1819,11111,28,False,"['KEY', 'TRANSITCARD', 'PHONE']",['PALERMO'],,,1000.0,True,
309,298 - PLAZA DR. JUAN B. TERAN,SMARTLITMAPFRAME,-34.62141207128675,-58.51978098730659,,Nogoya 5525,11111,16,False,"['KEY', 'TRANSITCARD', 'PHONE']",['VILLA REAL'],,,1000.0,True,
310,356 - ESTACIÓN LUGANO,SMARTLITMAPFRAME,-34.67948324169569,-58.47424852254684,,Martiniano Leguizamón 4401,11111,12,False,"['KEY', 'TRANSITCARD', 'PHONE']",['VILLA LUGANO'],,,1000.0,True,
311,213 - Hospital Alvear,SMARTLITMAPFRAME,-34.5972098,-58.47421142999999,,Av. Warnes 2626,11111,16,False,"['KEY', 'TRANSITCARD', 'PHONE']",['PATERNAL'],,,1000.0,True,
316,205 - SAN MARTIN,SMARTLITMAPFRAME,-34.605567,-58.453475,,1471 Cucha Cucha,1111,28,False,"['KEY', 'TRANSITCARD', 'PHONE']",['VILLA CRESPO'],,,1000.0,True,
318,285 - ESPINOSA,SMARTLITMAPFRAME,-34.603936,-58.457316999999996,,1785 Espinosa,1111,20,False,"['KEY', 'TRANSITCARD', 'PHONE']",['VILLA CRESPO'],,,1000.0,True,
322,289 - MONTAÑESES,SMARTLITMAPFRAME,-34.551304,-58.454181,,2786 Montañeses,1111,20,False,"['KEY', 'TRANSITCARD', 'PHONE']",['BELGRANO'],,,1000.0,True,
323,240 - ECHEVERRIA,SMARTLITMAPFRAME,-34.565409,-58.459298,,1981 Vidal,1111,24,False,"['KEY', 'TRANSITCARD', 'PHONE']",['BELGRANO'],,,1000.0,True,
324,280 - JURAMENTO,SMARTLITMAPFRAME,-34.578933,-58.4840556,,5209 Juramento,1111,16,False,"['KEY', 'TRANSITCARD', 'PHONE']",['VILLA URQUIZA'],,,1000.0,True,
327,366 - VILLA OLÍMPICA,SMARTLITMAPFRAME,-34.677130515662185,-58.454286054001386,,Escalada 4347,1111,12,False,"['KEY', 'TRANSITCARD', 'PHONE']",['VILLA LUGANO'],,,1000.0,True,.
329,100 - Plaza Gurruchaga,SMARTLITMAPFRAME,-34.593141,-58.435187,,1078 Gurruchaga,1111,20,False,"['KEY', 'TRANSITCARD', 'PHONE']",['VILLA CRESPO'],,,1000.0,True,
330,148 -La Paternal,SMARTLITMAPFRAME,-34.6008306,-58.47212710000001,,PUNTA  ARENAS  1798,C1416,20,False,"['KEY', 'TRANSITCARD', 'PHONE']",['PATERNAL'],,,1000.0,True,PUNTA  ARENAS  1798
333,203 - Beiro,SMARTLITMAPFRAME,-34.6008,-58.50335,,"Beiro 3572, CABA",1111,20,False,"['KEY', 'TRANSITCARD', 'PHONE']",['DEVOTO'],,,1000.0,True,
335,206 - Galicia,SMARTLITMAPFRAME,-34.615945,-58.470980000000004,,2502 Galicia,1111,27,False,"['KEY', 'TRANSITCARD', 'PHONE']",['VILLA GENERAL MITRE'],,,1000.0,True,
336,207 - PLAZA ARENALES,SMARTLITMAPFRAME,-34.5997308,-58.5111458,,Nueva York 3949,1111,28,False,"['KEY', 'TRANSITCARD', 'PHONE']",['DEVOTO'],,,1000.0,True,
340,359 - PLAZA BALCARCE,SMARTLITMAPFRAME,-34.54754,-58.46784399999999,,Jaramillo 2312,1111,20,False,"['KEY', 'TRANSITCARD', 'PHONE']",['Nuñez'],,,1000.0,True,
342,218 - Campana,SMARTLITMAPFRAME,-34.616813,-58.484297,,1523 Campana,1111,20,False,"['KEY', 'TRANSITCARD', 'PHONE']",['VILLA SANTA RITA'],,,1000.0,True,
348,231 - Margariños Cervantes,SMARTLITMAPFRAME,-34.610482,-58.474369,,2465 Margariños Cervantes,1111,12,False,"['KEY', 'TRANSITCARD', 'PHONE']",['VILLA GENERAL MITRE'],,,1000.0,True,
349,232 - Sucre y Martinez,SMARTLITMAPFRAME,-34.5703869,-58.4663122,,Mcal. Antonio José de Sucre 3515,C1430,16,False,"['KEY', 'TRANSITCARD', 'PHONE']",['BELGRANO'],,,1000.0,True,
353,237 - Madero Office,SMARTLITMAPFRAME,-34.599036,-58.36469499999999,,"367 Sanchez De Thompson, Mariquita",1111,28,False,"['KEY', 'TRANSITCARD', 'PHONE']",['PUERTO MADERO'],,,1609.34,True,
355,242 - Plazoleta Rafael del Riego,SMARTLITMAPFRAME,-34.567483,-58.446381,,o´higins 1327,1111,16,False,"['KEY', 'TRANSITCARD', 'PHONE']",['PALERMO'],,,1000.0,True,
358,249 - Vidal,SMARTLITMAPFRAME,-34.56031055981906,-58.46364346441801,,Vidal 2501,C1428,20,False,"['KEY', 'TRANSITCARD', 'PHONE']",['BELGRANO'],,,1000.0,True,
359,250 - Fleni,SMARTLITMAPFRAME,-34.555602,-58.45047900000001,,2292 Montañeses,1111,20,False,"['KEY', 'TRANSITCARD', 'PHONE']",['BELGRANO'],,,1000.0,True,
361,258 - Plaza J.J. Paso,SMARTLITMAPFRAME,-34.569187,-58.453608,,1399 Moldes,1111,20,False,"['KEY', 'TRANSITCARD', 'PHONE']",['COLEGIALES'],,,1000.0,True,
362,262 - Holmberg,SMARTLITMAPFRAME,-34.566032515757676,-58.479879186508185,,Holmberg 2819 y Nahuel Huapi,C1430,12,False,"['KEY', 'TRANSITCARD', 'PHONE']",['VILLA URQUIZA'],,,1000.0,True,
363,354 - José Martí,SMARTLITMAPFRAME,-34.6439,-58.46311399999999,,Eva Perón 3321,1111,16,False,"['KEY', 'TRANSITCARD', 'PHONE']",['FLORES'],,,1000.0,True,
364,381 - Matienzo Y Arce,SMARTLITMAPFRAME,-34.570161,-58.43558,,Teniente Benjamín Matienzo 1998,C1426,28,False,"['KEY', 'TRANSITCARD', 'PHONE']",['PALERMO'],,,1000.0,True,
366,360 - Plaza Ramon Falcon,SMARTLITMAPFRAME,-34.6352784,-58.48253270000001,,Cnel. Ramón L. Falcón 3992,C1407,12,False,"['KEY', 'TRANSITCARD', 'PHONE']",['VELEZ SARFIELD'],,,1609.34,True,
367,287 - Belaustegui,SMARTLITMAPFRAME,-34.616659000738366,-58.47770598650817,,Belaustegui 2910,C1416,16,False,"['KEY', 'TRANSITCARD', 'PHONE']",['VILLA SANTA RITA'],,,1609.34,True,
368,378 - AGRONOMIA,SMARTLITMAPFRAME,-34.59807,-58.482079,,4351 San Martin,1111,12,False,"['KEY', 'TRANSITCARD', 'PHONE']",['AGRONOMIA'],,,1000.0,True,
369,304 - Navarro,SMARTLITMAPFRAME,-34.592244,-58.491797,,Navarro 2625,1111,16,False,"['KEY', 'TRANSITCARD', 'PHONE']",['AGRONOMIA'],,,1.0,True,
370,305 - Plaza Martin Rodriguez,SMARTLITMAPFRAME,-34.590964,-58.500336,,3016 Pareja,1111,20,False,"['KEY', 'TRANSITCARD', 'PHONE']",['AGRONOMIA'],,,1000.0,True,
371,269 - Plaza De La Misericordia,SMARTLITMAPFRAME,-34.6317,-58.45534000000001,,LAUTARO 400,1111,12,False,"['KEY', 'TRANSITCARD', 'PHONE']",['FLORES'],,,1000.0,True,
372,322 - MARTÍ Y DIRECTORIO,SMARTLITMAPFRAME,-34.636406,-58.470136,,"404 Marti, Jose",1111,20,False,"['KEY', 'TRANSITCARD', 'PHONE']",['FLORES'],,,1000.0,True,
373,265 - Plaza Exodo Jujeño,SMARTLITMAPFRAME,-34.582336918286785,-58.48108314683206,,Liverpool 2812,1111,20,False,"['KEY', 'TRANSITCARD', 'PHONE']",['PARQUE CHAS'],,,1609.34,True,
374,367 - Eva Perón,SMARTLITMAPFRAME,-34.6471,-58.46979999999999,,Primera Junta 3898,1111,16,False,"['KEY', 'TRANSITCARD', 'PHONE']",['PARQUE AVELLANEDA'],,,1000.0,True,MARIANO ACOSTA Y PRIMERA JUNTA
375,301 - Arregui Y Terrada,SMARTLITMAPFRAME,-34.604597356692906,-58.484812116143225,,2793 Arregui,1111,16,False,"['KEY', 'TRANSITCARD', 'PHONE']",['VILLA DEL PARQUE'],,,1609.34,True,
376,324 - Las Victorias,SMARTLITMAPFRAME,-34.6274033,-58.48811179999999,,Av. Gaona 4660,C1407,24,False,"['KEY', 'TRANSITCARD', 'PHONE']",['FLORESTA'],,,1000.0,True,
378,215 - HOSPITAL ALVAREZ,SMARTLITMAPFRAME,-34.623123,-58.468287000000004,,Bolivia 683,1111,20,False,"['KEY', 'TRANSITCARD', 'PHONE']",['FLORES'],,,1000.0,True,
379,390 - De Los Ombues,SMARTLITMAPFRAME,-34.5602,-58.4281,,Av. de los Ombúes 300,1111,19,False,"['KEY', 'TRANSITCARD', 'PHONE']",['PALERMO'],,,1000.0,True,
381,274 - Gavilán,SMARTLITMAPFRAME,-34.6162466,-58.4658836,,Gavilán 1200,111,16,False,"['KEY', 'TRANSITCARD', 'PHONE']",['VILLA GENERAL MITRE'],,,1000.0,True,
382,204 - Biarritz,SMARTLITMAPFRAME,-34.60543081369964,-58.47725521899702,,Biarritz 2403,11111,16,False,"['KEY', 'TRANSITCARD', 'PHONE']",['VILLA DEL PARQUE'],,,1000.0,True,
383,263 - Plaza Echeverria,SMARTLITMAPFRAME,-34.5717986,-58.48954089999999,,Av. Triunvirato 5100 y Nahuel Huapi 5150,C1431,20,False,"['KEY', 'TRANSITCARD', 'PHONE']",['VILLA URQUIZA'],,,1000.0,True,Plaza Echeverria
384,267 - Plaza 25 De Agosto,SMARTLITMAPFRAME,-34.57951881156862,-58.46183473148808,,14 de julio de 1194,1111,18,False,"['KEY', 'TRANSITCARD', 'PHONE']",['VILLA ORTUZAR'],,,1609.34,True,
385,268 - Plaza Aristóbulo Del Valle,SMARTLITMAPFRAME,-34.606159914753725,-58.493141345207654,,Campana & Marcos Sastre  ,1111,16,False,"['KEY', 'TRANSITCARD', 'PHONE']",['VILLA DEL PARQUE'],,,1000.0,True,Marcos Sastre & Campana
386,277 - Coghlan,SMARTLITMAPFRAME,-34.5654,-58.4759,,2647 Estomba,1111,8,False,"['KEY', 'TRANSITCARD', 'PHONE']",['COGHLAN'],,,1000.0,True,
387,278 - Donato Alvarez,SMARTLITMAPFRAME,-34.602028,-58.465568000000005,,"1540 Garcia, Juan Agustin",1111,16,False,"['KEY', 'TRANSITCARD', 'PHONE']",['PATERNAL'],,,1000.0,True,
392,297 - TRONADOR Y GARCÍA DEL RÍO,SMARTLITMAPFRAME,-34.554581,-58.485381,,Tronador y Garcia del Rio,1111,16,False,"['KEY', 'TRANSITCARD', 'PHONE']",['COGHLAN'],,,1.0,True,
393,300 - Jose Artigas,SMARTLITMAPFRAME,-34.5902732694463,-58.4669322018588,,Av. del Campo 1301,1111,28,False,"['KEY', 'TRANSITCARD', 'PHONE']",['PATERNAL'],,,1000.0,True,
395,303 - Huaura,SMARTLITMAPFRAME,-34.596849288941584,-58.45327985794868,,Huaura 1405 y Fitz Roy,1111,16,False,"['KEY', 'TRANSITCARD', 'PHONE']",['VILLA CRESPO'],,,1000.0,True,
400,313 - De Los Incas,SMARTLITMAPFRAME,-34.57899,-58.46982,,Av. de los Incas 4138,C1427,20,False,"['KEY', 'TRANSITCARD', 'PHONE']",['VILLA ORTUZAR'],,,1000.0,True,
403,316 - Buenos Aires,SMARTLITMAPFRAME,-34.6446835804428,-58.39387590287583,,Suarez 3150,1111,30,False,"['KEY', 'TRANSITCARD', 'PHONE']",['BARRACAS'],,,1000.0,True,
407,330 - Parque Avellaneda,SMARTLITMAPFRAME,-34.6424248,-58.478266,,Remedios 3895,C1407,16,False,"['KEY', 'TRANSITCARD', 'PHONE']",['PARQUE AVELLANEDA'],,,1000.0,True,
408,364 - CERRETTI Y MANUELA PEDRAZA,SMARTLITMAPFRAME,-34.56912,-58.50025,,Ceretti 3407,1111,15,False,"['KEY', 'TRANSITCARD', 'PHONE']",['VILLA URQUIZA'],,,1.0,True,
412,372 - VILLA SOLDATI,SMARTLITMAPFRAME,-34.6604476,-58.432016800000014,,Carlos María Ramírez 2510,C1437,12,False,"['KEY', 'TRANSITCARD', 'PHONE']",['VILLA SOLDATI'],,,1000.0,True,
413,382 - MERCADO DE HACIENDA MATADEROS,SMARTLITMAPFRAME,-34.66181712635796,-58.50133009838903,,Av. Lisandro de la Torre 2319,C1440,8,False,"['KEY', 'TRANSITCARD', 'PHONE']",['MATADEROS'],,,1000.0,True,
414,385 - Franklin,SMARTLITMAPFRAME,-34.6112804,-58.45004339999999,,Franklin 1100,1111,16,False,"['KEY', 'TRANSITCARD', 'PHONE']",['CABALLITO'],,,1000.0,True,
416,257 - Plaza Francisco Ramirez,SMARTLITMAPFRAME,-34.553262,-58.469133,,"2700 Pedraza, Manuela",1111,27,False,"['KEY', 'TRANSITCARD', 'PHONE']",['Nuñez'],,,1000.0,True,
417,127 - PLAZA LEONARDO N. ALEM,SMARTLITMAPFRAME,-34.57634,-58.502480000000006,,Cochrane 2407,1111,20,False,"['KEY', 'TRANSITCARD', 'PHONE']",['VILLA URQUIZA'],,,1000.0,True,
418,345 - Plaza Mafalda,SMARTLITMAPFRAME,-34.5809383,-58.44458039999999,,Conde & Concepción Arenal,1111,16,False,"['KEY', 'TRANSITCARD', 'PHONE']",['COLEGIALES'],,,1000.0,True,
420,375 - Ciudad Universitaria I,SMARTLITMAPFRAME,-34.5446,-58.43959999999999,,INTENDENTE GUIRALDES 2160 - PABELLÓN I,1111,16,False,"['KEY', 'TRANSITCARD', 'PHONE']",['BELGRANO'],,,1.0,True,
422,379 - PARQUE SARMIENTO II,SMARTLITMAPFRAME,-34.56454,-58.502889999999994,,Alfonsina Storni 3771,1111,16,False,"['KEY', 'TRANSITCARD', 'PHONE']",['SAAVEDRA'],,,1.0,True,
423,043 - PLAZA ALBERDI,SMARTLITMAPFRAME,-34.559255,-58.487772,,Crisólogo Larralde 4544,1111,12,False,"['KEY', 'TRANSITCARD', 'PHONE']",['SAAVEDRA'],,,1.0,True,
424,387 - Luna,SMARTLITMAPFRAME,-34.639807,-58.39905000000001,,Luna 301,1111,12,False,"['KEY', 'TRANSITCARD', 'PHONE']",['PARQUE PATRICIOS'],,,1000.0,True,
425,394 - Av. La Plata,SMARTLITMAPFRAME,-34.643012510740405,-58.42284285277861,,Av. La Plata 2400,C1437,20,False,"['KEY', 'TRANSITCARD', 'PHONE']",['NUEVA POMPEYA'],,,1000.0,True,
426,396 - PLAZA ALBERTI,SMARTLITMAPFRAME,-34.5557,-58.4579,,ARCOS 2665,1111,20,False,"['KEY', 'TRANSITCARD', 'PHONE']",['BELGRANO'],,,1000.0,True,
427,397 - PARQUE SANTOJANNI,SMARTLITMAPFRAME,-34.648402,-58.51364480000001,,ACASSUSO 6373,C1408,16,False,"['KEY', 'TRANSITCARD', 'PHONE']",['LINIERS'],,,1000.0,True,
428,225 - HOSPITAL TORNU,SMARTLITMAPFRAME,-34.587458,-58.4739506,,1052 Avalos,1111,20,False,"['KEY', 'TRANSITCARD', 'PHONE']",['PARQUE CHAS'],,,1000.0,True,
429,201 - PLAZA EJERCITO DE LOS ANDES,SMARTLITMAPFRAME,-34.63897407331851,-58.51010241799405,,Av. Rivadavia y Albariño,1111,16,False,"['KEY', 'TRANSITCARD', 'PHONE']",['VILLA LURO'],,,1000.0,True,
431,362 - PARQUE DE LA MEMORIA,SMARTLITMAPFRAME,-34.542628,-58.43691299999999,,Av. Costanera Rafael Obligado 7200,1213,20,False,"['KEY', 'TRANSITCARD', 'PHONE']",['BELGRANO'],,,1000.0,True,
432,187 - Jose Maria Moreno,SMARTLITMAPFRAME,-34.619879,-58.435801,,141 Jose Maria Moreno,1111,28,False,"['KEY', 'TRANSITCARD', 'PHONE']",['CABALLITO'],,,1000.0,True,
433,273 - Plazoleta Colombia,SMARTLITMAPFRAME,-34.637697,-58.373726000000005,,1619 Brandsen,1111,24,False,"['KEY', 'TRANSITCARD', 'PHONE']",['BARRACAS'],,,1000.0,True,
434,247 - PLAZA LUCIO DEMARE,SMARTLITMAPFRAME,-34.54569,-58.465140000000005,,O`Higgins 3750,11111,20,False,"['KEY', 'TRANSITCARD', 'PHONE']",['Nuñez'],,,1000.0,True,
435,227 -Club Ciudad de Buenos Aires,SMARTLITMAPFRAME,-34.544503,-58.459499,,Miguel Sanchez y Av Libertadores,1111,24,False,"['KEY', 'TRANSITCARD', 'PHONE']",['Nuñez'],,,1000.0,True,
436,253 - Plaza Colegiales,SMARTLITMAPFRAME,-34.57653,-58.44348999999999,1.0,Tte. Benjamin Matienzo 2886,C1426,16,False,"['KEY', 'TRANSITCARD', 'PHONE']",['PALERMO'],,,1000.0,True,
440,142 - ARMENIA,SMARTLITMAPFRAME,-34.5906475,-58.42889899999998,0.0,ARMENIA 1525 y GORRITI,C1414,16,False,"['KEY', 'TRANSITCARD', 'PHONE']",['PALERMO'],.,.,1000.0,True,
441,016 - Legislatura,SMARTLITMAPFRAME,-34.609801,-58.3748,,"169 Peru & Roca, Julio A., Presidente Diagonal Sur Av.",1111,20,False,"['KEY', 'TRANSITCARD', 'PHONE']",['MONSERRAT'],,,1609.34,True,
444,061 - Ministerio de Economia,SMARTLITMAPFRAME,-34.608936,-58.37071600000001,,"Balcarce e Yrigoyen, Hipolito Av.",1111,23,False,"['KEY', 'TRANSITCARD', 'PHONE']",['SAN NICOLAS'],,,1000.0,True,
448,393 - Barrio 31,SMARTLITMAPFRAME,-34.58209,-58.3788,,Islas Galápagos 2800,1111,32,False,"['KEY', 'TRANSITCARD', 'PHONE']",['RETIRO'],,,1000.0,True,
449,352 - San Jose de Flores,SMARTLITMAPFRAME,-34.62883578,-58.463297377,,Av. Rivadavia 6955,1111,24,False,"['KEY', 'TRANSITCARD', 'PHONE']",['FLORES'],,,1000.0,True,
453,028 - Plaza de la Bandera,SMARTLITMAPFRAME,-34.6294802,-58.49448539999998,0.0,Av. Gaona 5181,C1407,20,False,"['KEY', 'TRANSITCARD', 'PHONE']",['VELEZ SARFIELD'],,,1000.0,True,
454,176 - Plaza Derechos del hombre,SMARTLITMAPFRAME,-34.63403,-58.50694000000001,0.0,CORTINA 551,11111,12,False,"['KEY', 'TRANSITCARD', 'PHONE']",['VILLA LURO'],,,1000.0,True,
455,039 - Plaza Don Bosco,REGULARLITMAPFRAME,-34.62652,-58.50804999999999,0.0,Elpidio Gonzalez 5181,11111,16,False,"['KEY', 'TRANSITCARD', 'CREDITCARD', 'PHONE']",['VERSALLES'],,,1000.0,True,
457,110 - PLAZA CD DE BANFF,REGULARLITMAPFRAME,-34.62805,-58.52174,0.0,ROMA 786,11111,16,False,"['KEY', 'TRANSITCARD', 'CREDITCARD', 'PHONE']",['VERSALLES'],,,1000.0,True,
458,219 - Parque Chacabuco II,REGULARLITMAPFRAME,-34.63642574842393,-58.44400690036917,0.0,AV. ASAMBLEA 1400,11111,28,False,"['KEY', 'TRANSITCARD', 'CREDITCARD', 'PHONE']",['PARQUE CHACABUCO'],,,1000.0,True,
460,133 - BEIRO Y SEGUROLA,SMARTLITMAPFRAME,-34.6075,-58.51193000000001,0.0,Segurola 3194,11111,16,False,"['KEY', 'TRANSITCARD', 'PHONE']",['VILLA DEVOTO'],,,1000.0,True,
461,106 - MOSCONI Y CONSTITUYENTES,SMARTLITMAPFRAME,-34.58088,-58.49363000000001,0.0,CONSTITUYENTES 4710,1111,20,False,"['KEY', 'TRANSITCARD', 'PHONE']",['PARQUE CHAS'],,,1000.0,True,
464,377 - CIUDAD UNIVERSITARIA III,SMARTLITMAPFRAME,-34.541,-58.4441,0.0,Intendente Guiraldes 2160 - Pabellón III,1111,28,False,"['KEY', 'TRANSITCARD', 'PHONE']",['BELGRANO'],,,1000.0,True,
465,192 - HOSPITAL SIRIO,SMARTLITMAPFRAME,-34.5904625,-58.5071166,0.0,Gabriela Mistral 3325 y Campana,C1419,12,False,"['KEY', 'TRANSITCARD', 'PHONE']",['VILLA DEVOTO'],,,1000.0,True,
466,333 - PARQUE DE LA ESTACIÓN,SMARTLITMAPFRAME,-34.608096,-58.41183969999999,0.0,Dr. Tomás Manuel de Anchorena 170,C1170,20,False,"['KEY', 'TRANSITCARD', 'PHONE']",['ALMAGRO'],,,1000.0,True,
467,328 - SARMIENTO II,SMARTLITMAPFRAME,-34.6055135,-58.3958925,0.0,Sarmiento 2037,C1044,12,False,"['KEY', 'TRANSITCARD', 'PHONE']",['BALVANERA'],,,1000.0,True,
468,084 - TEATRO PICADERO,SMARTLITMAPFRAME,-34.6042288,-58.39373749999999,0.0,Riobamba 403,1111,8,False,"['KEY', 'TRANSITCARD', 'PHONE']",['BALVANERA'],,,1000.0,True,
469,062 - PARQUE ONEGA,SMARTLITMAPFRAME,-34.5934185,-58.513837,0.0,Av. Gral.Mosconi 3780,C1419,16,False,"['KEY', 'TRANSITCARD', 'PHONE']",['VILLA DEVOTO'],,,1000.0,True,
471,173 - EL LIBERTADOR,SMARTLITMAPFRAME,-34.5947293,-58.5033086,0.0,Av. San Martín 6220,C1419,12,False,"['KEY', 'TRANSITCARD', 'PHONE']",['VILLA DEVOTO'],,,1000.0,True,
472,310 - FREIRE II,SMARTLITMAPFRAME,-34.5751286,-58.45275609999999,0.0,Tte. Gral Ramón Freire 1003,C1426,16,False,"['KEY', 'TRANSITCARD', 'PHONE']",['COLEGIALES'],,,1000.0,True,
473,216 - EMILIO LAMARCA,SMARTLITMAPFRAME,-34.6134032,-58.4933583,0.0,EMILIO LAMARCA 2066,C1407,12,False,"['KEY', 'TRANSITCARD', 'PHONE']",['VILLA SANTA RITA'],,,1000.0,True,
474,224 - BAIGORRIA,SMARTLITMAPFRAME,-34.6108915,-58.503019999999985,0.0,Baigorria 4101,C1417,16,False,"['KEY', 'TRANSITCARD', 'PHONE']",['MONTE CASTRO'],,,1000.0,True,
475,238 - PLAZA LAS TOSCANERAS,SMARTLITMAPFRAME,-34.6165412,-58.52601810000001,0.0,Ramón Lista 5500 (y Moliere),1111,12,False,"['KEY', 'TRANSITCARD', 'PHONE']",['VILLA LURO'],,,1000.0,True,
476,279 - PLAZA MONTE CASTRO,SMARTLITMAPFRAME,-34.6182924,-58.4985253,0.0,Gualeguaychú 1900,1111,12,False,"['KEY', 'TRANSITCARD', 'PHONE']",['MONTE CASTRO'],,,1000.0,True,
477,311 - SEC. DE INNOVACION Y TRANSFORMACIÓN,SMARTLITMAPFRAME,-34.6350046,-58.395053900000015,0.0,Av. Caseros 2309,C1264,12,False,"['KEY', 'TRANSITCARD', 'PHONE']",['PARQUE PATRICIOS'],,,1000.0,True,
478,015 - AMENABAR,SMARTLITMAPFRAME,-34.572056,-58.44752359999998,0.0,Teodoro García 2613,C1426,11,False,"['KEY', 'TRANSITCARD', 'PHONE']",['COLEGIALES'],,,1000.0,True,
479,347 - CARABOBO,SMARTLITMAPFRAME,-34.6262877,-58.45530009999998,0.0,Pumacahua 9,1111,24,False,"['KEY', 'TRANSITCARD', 'PHONE']",['CABALLITO'],,,1000.0,True,
480,353 - PLAZA VÉLEZ SARSFIELD,SMARTLITMAPFRAME,-34.6293335,-58.48360279999999,0.0,Chivilcoy 400,C1407,12,False,"['KEY', 'TRANSITCARD', 'PHONE']",['FLORESTA'],,,1000.0,True,
481,369 - PLAZA LARRAZABAL,SMARTLITMAPFRAME,-34.6430378,-58.5127001,0.0,AV. LARRAZABAL 380,C1408,16,False,"['KEY', 'TRANSITCARD', 'PHONE']",['LINIERS'],,,1000.0,True,
482,376 - PASEO DE LA COSTANERA,SMARTLITMAPFRAME,-34.550468,-58.430024,0.0,Av. Costanera Rafael Obligado 6200,1111,12,False,"['KEY', 'TRANSITCARD', 'PHONE']",['PALERMO'],,,1000.0,True,
483,175 - PLAZA MACKENNA,SMARTLITMAPFRAME,-34.5436888,-58.4771259,0.0,CRAMER 4500,C1429,12,False,"['KEY', 'TRANSITCARD', 'PHONE']",['SAAVEDRA'],,,1000.0,True,
484,295 - SUPERÍ,SMARTLITMAPFRAME,-34.5554843,-58.4768041,0.0,NUÑEZ 3486,1111,12,False,"['KEY', 'TRANSITCARD', 'PHONE']",['SAAVEDRA'],,,1000.0,True,
486,220 - PLAZA FELIX LIMA,SMARTLITMAPFRAME,-34.5420905,-58.47056989999999,0.0,RAMALLO 2200,C1429,12,False,"['KEY', 'TRANSITCARD', 'PHONE']",['Nuñez'],,,1000.0,True,
487,239 - AVENIDA CRAMER,SMARTLITMAPFRAME,-34.55813699999999,-58.46725929999999,0.0,Av. Cramer 2900,C1428,12,False,"['KEY', 'TRANSITCARD', 'PHONE']",['BELGRANO'],,,1000.0,True,
488,234 - AVENIDA TRIUNVIRATO,SMARTLITMAPFRAME,-34.5657087,-58.49521839999999,0.0,Av. Triunvirato 5752,1111,12,False,"['KEY', 'TRANSITCARD', 'PHONE']",['VILLA URQUIZA'],,,1000.0,True,
489,288 - SECRETARÍA DE DEPORTES,SMARTLITMAPFRAME,-34.5476039,-58.4565662,0.0,AV LIBERTADOR 7100,C1429,16,False,"['KEY', 'TRANSITCARD', 'PHONE']",['BELGRANO'],,,1000.0,True,
490,245 - COSTANERA NORTE,SMARTLITMAPFRAME,-34.56477054,-58.402021,0.0,AV. Costanera Rafael del Obligado 1700,C1425,16,False,"['KEY', 'TRANSITCARD', 'PHONE']",['PALERMO'],,,1000.0,True,
491,266 - PLAZA SABATTINI,SMARTLITMAPFRAME,-34.6122963,-58.44329500000001,0.0,COLPAYO 699,C1405,8,False,"['KEY', 'TRANSITCARD', 'PHONE']",['CABALLITO'],,,1000.0,True,
492,325 - MEDRANO,SMARTLITMAPFRAME,-34.6097105,-58.4215633,0.0,3905 Bartolomé Mitre,B1678,20,False,"['KEY', 'TRANSITCARD', 'PHONE']",['ALMAGRO'],,,1000.0,True,
493,208 - NICASIO OROÑO,SMARTLITMAPFRAME,-34.5967435,-58.459403099999996,0.0,Nicasio Oroño 2598,C1416,8,False,"['KEY', 'TRANSITCARD', 'PHONE']",['PATERNAL'],,,1000.0,True,
494,314 - ALLENDE,SMARTLITMAPFRAME,-34.6147875,-58.5116722,0.0,Allende 2794,C1417,12,False,"['KEY', 'TRANSITCARD', 'PHONE']",['VILLA DEVOTO'],,,1000.0,True,
496,052 - CAMPANA II,REGULARLITMAPFRAME,-34.5831596,-58.51316640000001,0.0,Cochrane 3298 (y Campana),1111,12,False,"['KEY', 'TRANSITCARD', 'CREDITCARD', 'PHONE']",['VILLA PUYRREDON'],,,1000.0,True,
497,307 - CERRETTI,SMARTLITMAPFRAME,-34.5744245,-58.4962318,0.0,Ceretti 2892,C1431,12,False,"['KEY', 'TRANSITCARD', 'PHONE']",['VILLA URQUIZA'],,,1000.0,True,
498,055 - HABANA,SMARTLITMAPFRAME,-34.5865976,-58.49495850000001,,Gral. José Gervasio Artigas 4298 (y Habana),C1419,12,False,"['KEY', 'TRANSITCARD', 'PHONE']",['VILLA PUYRREDON'],,,1000.0,True,
499,286 - FILOSOFIA Y LETRAS,SMARTLITMAPFRAME,-34.628556350908276,-58.4468139680066,0.0,José Bonifacio 1407,C1406,16,False,"['KEY', 'TRANSITCARD', 'PHONE']",['CABALLITO'],,,1000.0,True,
500,235 - COMUNA 13,SMARTLITMAPFRAME,-34.5532117,-58.464224299999984,0.0,Ibera 2377,C1429,16,False,"['KEY', 'TRANSITCARD', 'PHONE']",['Nuñez'],,,999.0,True,
501,020 - GRECIA,SMARTLITMAPFRAME,-34.5492488,-58.461940799999994,0.0,Grecia 3290,C1429,16,False,"['KEY', 'TRANSITCARD', 'PHONE']",['Nuñez'],,,1000.0,True,
502,296 - SAN ISIDRO LABRADOR,SMARTLITMAPFRAME,-34.5406752,-58.4752251,0.0,Av. San Isidro Labrador 4850,,16,False,"['KEY', 'TRANSITCARD', 'PHONE']",['SAAVEDRA'],,,999.0,True,
503,212 - TRES ARROYOS,SMARTLITMAPFRAME,-34.6072013,-58.45640650000001,0.0,Paysandú 1491,C1416,20,False,"['KEY', 'TRANSITCARD', 'PHONE']",['CABALLITO'],,,1000.0,True,
504,214 - MORÓN,SMARTLITMAPFRAME,-34.6247196,-58.47518040000001,0.0,Morón 3089,C1406,12,False,"['KEY', 'TRANSITCARD', 'PHONE']",['FLORES'],,,1000.0,True,
505,337 - AV. J. B. JUSTO,SMARTLITMAPFRAME,-34.6226411,-58.48202029999999,0.0,Emilio Lamarca 915 (y Av. Juan B. Justo),C1407,16,False,"['KEY', 'TRANSITCARD', 'PHONE']",['VILLA SANTA RITA'],,,1000.0,True,
506,040 - PARQUE SALGUERO,SMARTLITMAPFRAME,-34.569435,-58.399369,0.0,Av. Costa Salguero 1222,C1425,20,False,"['KEY', 'TRANSITCARD', 'PHONE']",['PALERMO'],,,1000.0,True,
507,271 - VILLA SOLDATI II,SMARTLITMAPFRAME,-34.673248,-58.455319399999986,0.0,23 de junio 4249,,24,False,"['KEY', 'TRANSITCARD', 'PHONE']",['VILLA SOLDATI'],,,1000.0,True,
508,170 - RAFAELA,SMARTLITMAPFRAME,-34.6391718,-58.4947858,0.0,Rafaela 4811,C1407,12,False,"['KEY', 'TRANSITCARD', 'PHONE']",['VILLA LURO'],,,1000.0,True,
509,386 - VELEZ SARSFIELD,SMARTLITMAPFRAME,-34.6336384,-58.48980999999999,0.0,Av. Carrasco 214,C1407,12,False,"['KEY', 'TRANSITCARD', 'PHONE']",['VELEZ SARFIELD'],,,1000.0,True,
511,284 - AV. FOREST,SMARTLITMAPFRAME,-34.575441,-58.46268899999999,0.0,Delgado 1569 (y Av. Forest),C1430,16,False,"['KEY', 'TRANSITCARD', 'PHONE']",['VILLA ORTUZAR'],,,1000.0,True,
512,195 - PARQUE CHAS,SMARTLITMAPFRAME,-34.5816148,-58.47505689999999,0.0,Av. De los Incas 4535,C1427,19,False,"['KEY', 'TRANSITCARD', 'PHONE']",['PARQUE CHAS'],,,1000.0,True,
513,308 - SAN MARTIN II,SMARTLITMAPFRAME,-34.5971297,-58.490739000000005,0.0,Av. San Martín 5129,,12,False,"['KEY', 'TRANSITCARD', 'PHONE']",['AGRONOMIA'],,,1000.0,True,
515,294 - PLAZOLETA RÍO DE LA PLATA,SMARTLITMAPFRAME,-34.57424606980564,-58.41465533223048,0.0,Av. Sarmiento 500,,15,False,"['KEY', 'TRANSITCARD', 'PHONE']",['PALERMO'],,,1000.0,True,
516,368 - PLAZA DE LA SHOÁ,SMARTLITMAPFRAME,-34.5709984,-58.423346900000006,0.0,Av. Del Libertador 3899,,20,False,"['KEY', 'TRANSITCARD', 'PHONE']",['PALERMO'],,,1000.0,True,
517,332 - PACÍFICO II,SMARTLITMAPFRAME,-34.5745008,-58.42481399999999,0.0,Av. Int. Bullrich 300,,16,False,"['KEY', 'TRANSITCARD', 'PHONE']",['PALERMO'],,,1000.0,True,
518,329 - LAS CAÑITAS,SMARTLITMAPFRAME,-34.5738986,-58.431782000000005,0.0,Clay 2818,C1426,12,False,"['KEY', 'TRANSITCARD', 'PHONE']",['PALERMO'],,,1000.0,True,
519,053 - AV. DEL LIBERTADOR ,SMARTLITMAPFRAME,-34.59291496187579,-58.375442711639394,0.0,Av. Del Libertador 100,,20,False,"['KEY', 'TRANSITCARD', 'PHONE']",['RETIRO'],,,1000.0,True,
520,180 - PARQUE OLIMPICO,SMARTLITMAPFRAME,-34.67263155698435,-58.445517873322615,0.0,Av. Coronel Roca 5252 (dentro del Parque Olímpico). ,C1437,20,False,"['KEY', 'TRANSITCARD', 'PHONE']",['VILLA SOLDATI'],,,1000.0,True,
521,226 - AV. WARNES,SMARTLITMAPFRAME,-34.59646530000001,-58.46638409999999,0.0,Av. Warnes 2150,C1427,16,False,"['KEY', 'TRANSITCARD', 'PHONE']",['PATERNAL'],,,1000.0,True,
522,119 - PLAZOLETA BENEDIT,SMARTLITMAPFRAME,-34.6022435,-58.44254819999999,0.0,Av. Warnes y Av. R. Scalabrini Ortiz,,16,False,"['KEY', 'TRANSITCARD', 'PHONE']",['VILLA CRESPO'],,,1000.0,True,
524,338 - AV. CABILDO,SMARTLITMAPFRAME,-34.557933,-58.4607027,0.0,Av. Cabildo 2586,C1428,12,False,"['KEY', 'TRANSITCARD', 'PHONE']",['BELGRANO'],,,1000.0,True,
525,317 - ESCUELA RAGGIO,SMARTLITMAPFRAME,-34.536691,-58.4668133,0.0,Av. Libertador 8620 (y Pico),C1429,16,False,"['KEY', 'TRANSITCARD', 'PHONE']",['Nuñez'],,,1000.0,True,
526,088 - NUÑEZ ,SMARTLITMAPFRAME,-34.54162804074317,-58.46340407324711,0.0,Comodoro Martín Rivadavia 1630,C1429,12,False,"['KEY', 'TRANSITCARD', 'PHONE']",['Nuñez'],,,1000.0,True,
527,068 - AV. CORDOBA,SMARTLITMAPFRAME,-34.588727,-58.43838599999999,0.0,Av. Cordoba 5403,,12,False,"['KEY', 'TRANSITCARD', 'PHONE']",['VILLA CRESPO'],,,1000.0,True,
528,042 - Skate Park Villa Luro,SMARTLITMAPFRAME,-34.6367055,-58.49528569999998,0.0, Av. Rivadavia 9301,C1407,16,False,"['KEY', 'TRANSITCARD', 'PHONE']",['VILLA LURO'],,,1000.0,True,
529,011 - RIO DE JANEIRO,SMARTLITMAPFRAME,-34.61325931284073,-58.43011879451216,0.0,Río de Janeiro 205,C1405,18,False,"['KEY', 'TRANSITCARD', 'PHONE']",['ALMAGRO'],,,1000.0,True,
530,031 - PARQUE RIVADAVIA,SMARTLITMAPFRAME,-34.61651103390999,-58.43235024128227,0.0,Av Rivadavia 4950,C1424,20,False,"['KEY', 'TRANSITCARD', 'PHONE']",['CABALLITO'],,,1000.0,True,
531,048 - JOSE AMALFITANI,SMARTLITMAPFRAME,-34.63362230949344,-58.52125773107453,0.0,Av. Juan Bautista Justo 6383,C1407,20,False,"['KEY', 'TRANSITCARD', 'PHONE']",['VERSALLES'],,,1000.0,True,
532,072 - INSTITUTO POLITÉCNICO MODELO,SMARTLITMAPFRAME,-34.573033051099245,-58.503908287102504,0.0,Av Constituyentes 5880,C1431,20,False,"['KEY', 'TRANSITCARD', 'PHONE']",['VILLA URQUIZA'],,,1000.0,True,
533,077 - CRISOLOGO LARRALDE,SMARTLITMAPFRAME,-34.56119069896605,-58.4920304128975,0.0,Galván 3601,,20,False,"['KEY', 'TRANSITCARD', 'PHONE']",['SAAVEDRA'],,,1000.0,True,
534,081 - PARQUE DE LAS CIENCIAS,SMARTLITMAPFRAME,-34.5829625,-58.42997930000001,0.0,Soler 5300 ,,24,False,"['KEY', 'TRANSITCARD', 'PHONE']",['PALERMO'],,,1000.0,True,
535,090 - HONORIO PUEYRREDON,SMARTLITMAPFRAME,-34.60251720000001,-58.449658973016376,0.0,Honorio Pueyrredón 1653,C1414,20,False,"['KEY', 'TRANSITCARD', 'PHONE']",['VILLA CRESPO'],,,1000.0,True,
536,019 - PLAZA  SAN MARTIN,SMARTLITMAPFRAME,-34.5954737,-58.37748229999999,0.0,Av. Santa Fe 716,C1006,20,False,"['KEY', 'TRANSITCARD', 'PHONE']",['RETIRO'],,,1000.0,True,
537,389 - Av. ELCANO,SMARTLITMAPFRAME,-34.57080828710083,-58.458061489601334,0.0,Av. ELCANO 3000,C1426,12,False,"['KEY', 'TRANSITCARD', 'PHONE']",['COLEGIALES'],,,1000.0,True,
538,047 - PARQUE DE LA INNOVACIÓN,SMARTLITMAPFRAME,-34.545091,-58.451432,0.0,Av. G. Udaondo 1146,C1428,15,False,"['KEY', 'TRANSITCARD', 'PHONE']",['Nuñez'],,,1000.0,True,
539,115 - JUAN DE GARAY,SMARTLITMAPFRAME,-34.626972970573625,-58.38060147088622,0.0,Av. Juan de Garay 1135,,20,False,"['KEY', 'TRANSITCARD', 'PHONE']",['CONSTITUCION'],,,1000.0,True,
540,185 - JORGE NEWBERY,SMARTMAPFRAME,-34.55771,-58.41033000000001,0.0,Av. Costanera Rafael Obligado,,18,False,"['KEY', 'TRANSITCARD', 'PHONE']",['PALERMO'],,,1000.0,True,PAVES DOBLES
541,198 - AEROPARQUE,SMARTLITMAPFRAME,-34.55572,-58.41320999999999,0.0,Av. Costanera Rafael Obligado,,12,False,"['KEY', 'TRANSITCARD', 'PHONE']",['PALERMO'],,,1000.0,True,
542,202 - VICTOR MANUEL ACUÑA,SMARTLITMAPFRAME,-34.55386,-58.41949999999999,0.0,Av. Costanera Rafael Obligado,,16,False,"['KEY', 'TRANSITCARD', 'PHONE']",['PALERMO'],,,1000.0,True,
543,139 - CASA ROSADA,SMARTLITMAPFRAME,-34.60748033900249,-58.366741024467466,0.0,Av. Alicia Moreau de Justo 861,C1107,16,False,"['KEY', 'TRANSITCARD', 'PHONE']",['PUERTO MADERO'],,,1000.0,True,
544,078 - TEATRO COLÓN,SMARTLITMAPFRAME,-34.600598,-58.382360999999996,0.0,Cerrito 698,C1010,23,False,"['KEY', 'TRANSITCARD', 'PHONE']",['SAN NICOLAS'],,,1000.0,True,
545,141 - DEL BARCO CENTENERA,SMARTLITMAPFRAME,-34.62780084937208,-58.440321152114855,0.0,Del Barco Centenera 741,C1424,20,False,"['KEY', 'TRANSITCARD', 'PHONE']",['CABALLITO'],,,999.0,True,
546,143 - COMUNA 7,SMARTLITMAPFRAME,-34.6313039,-58.44176059999998,0.0,Emilio Mitre 860,C1424,16,False,"['KEY', 'TRANSITCARD', 'PHONE']",['PARQUE CHACABUCO'],,,1000.0,True,
547,023 - ALMAGRO,SMARTLITMAPFRAME,-34.620169,-58.422096999999994,0.0,México 4000,C1216,20,False,"['KEY', 'TRANSITCARD', 'PHONE']",['ALMAGRO'],,,1000.0,True,
548,051 - PLAZA SUDAMERICA,SMARTLITMAPFRAME,-34.687767,-58.475178,0.0,Av. Piedrabuena 4901,C1439,20,False,"['KEY', 'TRANSITCARD', 'PHONE']",['VILLA RIACHUELO'],,,999.0,True,
549,095 - EMILIO CASTRO,SMARTLITMAPFRAME,-34.649701,-58.51078,0.0,Av. Emilio Castro 6301,C1440,16,False,"['KEY', 'TRANSITCARD', 'PHONE']",['LINIERS'],,,1000.0,True,
550,154 - LINIERS,SMARTLITMAPFRAME,-34.634808,-58.527098,0.0,Av. Juan Bautista Justo 9710,C1408,20,False,"['KEY', 'TRANSITCARD', 'PHONE']",['LINIERS'],,,1000.0,True,
551,157 - LEGUIZAMON,SMARTLITMAPFRAME,-34.644804,-58.518867,0.0,Martiniano Leguizamón 599,C1408,20,False,"['KEY', 'TRANSITCARD', 'PHONE']",['LINIERS'],,,1000.0,True,
552,209 - DEVOTO,SMARTLITMAPFRAME,-34.6028514,-58.5126086,0.0,Ricardo Gutierrez 4224,,24,False,"['KEY', 'TRANSITCARD', 'PHONE']",['VILLA DEVOTO'],,,1000.0,True,
553,210 - JOSE LEON CABEZON,SMARTLITMAPFRAME,-34.5801918,-58.50094170000001,0.0,José León Cabezón 2516,,16,False,"['KEY', 'TRANSITCARD', 'PHONE']",['VILLA PUYRREDON'],,,999.0,True,
554,211 - BLANCO ENCALADA,SMARTLITMAPFRAME,-34.5698528,-58.4767434,0.0,Blanco Encalada 4118,C1430,16,False,"['KEY', 'TRANSITCARD', 'PHONE']",['VILLA URQUIZA'],,,999.0,True,
556,230 - AREVALO,SMARTLITMAPFRAME,-34.583613,-58.443602000000006,0.0,Arévalo 1408,C1414,32,False,"['KEY', 'TRANSITCARD', 'PHONE']",['PALERMO'],,,1000.0,True,
